Borough,Borough (upper),District,CCU,Block,Lot,OwnerType,Status_Date,Address,,,,,,,,BoroughB,Borough (upper),DistrictB,CCU,BlockB,LotB,OwnerTypeB,Status_Date,AddressB,LatB,LongB,,,,,,BoroughBR,,DistrictBR,,,,OwnerTypeBR,,AddressBR,LatBR,LongBR,,,,,,BoroughM,,DistrictM,,,,OwnerTypeM,,AddressM,LatM,LongM,,,,,,BoroughQ,,DistrictQ,,,,OwnerTypeQ,,AddressQ,LatQ,LongQ,,,,,,,,BoroughS,,DistrictS,,,,OwnerTypeS,AddressS,,LatQ,LongQ
bronx,BRONX,1,12-05333,2294,43,City,40938,AT 460 WESTCHESTER AVENUE betw NYCTA SUBWAY & BERGEN AVENUE,,,,,,,,bronx,BRONX,1,12-05333,2294,43,City,40938,460 WESTCHESTER AVENUe,40.816184,-73.914816,,,,,,brooklyn,BROOKLYN,1,11-11878,2147,1,City,41061,115 DIVISION AVENUE,40.7078501,-73.9637644,,,,,,manhattan,MANHATTAN,10,11-11702,1599,69,City,41153,66 WEST 116 STREET,40.801633,-73.9493121,,,,,,queens,QUEENS,3,11-11673,1725,1,City,41153,33-12 111 STREET,40.757469,-73.858624,,,,,,,,staten island,STATEN ISLAND,1,12-05113,6,12,Private,40935,100 CENTRAL AVENUE,40.639043,-74.077596
bronx,BRONX,1,12-05333,2294,55,City,40938,AT 460 WESTCHESTER AVENUE betw NYCTA SUBWAY & BERGEN AVENUE,,,,,,,,bronx,BRONX,1,12-05333,2294,55,City,40938,BERGEN AVENUE,40.826184,-73.914816,,,,,,brooklyn,BROOKLYN,1,11-11684,2399,17,Private,41030,381 SOUTH 1 STREET,40.710501,-73.952124,,,,,,manhattan,MANHATTAN,10,11-11886,1831,47,City,40921,230 WEST 116 STREET,40.80362,-73.954052,,,,,,queens,QUEENS,3,11-11071,1778,16,Private,41061,BETWEEN 108-52 & 108-42 37 DRIVE,40.753123,-73.859996,,,,,,,,staten island,STATEN ISLAND,1,12-05113,6,129,Private,40935,100 CENTRAL AVENUE,40.639043,-74.076596
bronx,BRONX,1,12-05333,2294,59,City,40938,AT 460 WESTCHESTER AVENUE betw NYCTA SUBWAY & BERGEN AVENUE,,,,,,,,bronx,BRONX,1,12-05333,2294,59,City,40938,BERGEN AVENUE,40.816184,-73.914816,,,,,,brooklyn,BROOKLYN,1,11-11684,2399,19,Private,41030,381 SOUTH 1 STREET,40.710501,-73.962124,,,,,,manhattan,MANHATTAN,10,11-11757,1911,61,City,41000,2133 7 AVENUE,40.809819,-73.947589,,,,,,queens,QUEENS,3,11-11071,1778,17,Private,41061,108-52 & 108-42 37 DRIVE,40.753123,-73.869996,,,,,,,,staten island,STATEN ISLAND,1,12-05113,6,131,Private,40935,ADJ. 100 CENTRAL AVENUE,40.639043,-74.072
bronx,BRONX,1,11-11869,2585,19,Private,40927,ADJ. 840 EAST 134 STREET betw WALNUT AVENUE & AMTRAK RAILROAD,,,,,,,,bronx,BRONX,1,11-11869,2585,19,Private,40927,840 EAST 134 STREET,40.800539,-73.911457,,,,,,brooklyn,BROOKLYN,1,11-11735,2412,124,Private,41030, 373 SOUTH 2 STREET,40.710013,-73.952491,,,,,,manhattan,MANHATTAN,10,11-11757,1911,62,City,41000,2133 7 AVENUE betw WEST 127 STREET & WEST 126 STREET,40.813406,-73.955081,,,,,,queens,QUEENS,3,11-11071,1778,18,Private,41061,BETWEEN 108-52 & 108-42 37 DRIVE,40.753123,-73.870996,,,,,,,,staten island,STATEN ISLAND,1,12-05113,6,132,Private,40935,ADJ. 100 CENTRAL AVENUE,40.639043,-74.079
bronx,BRONX,1,12-05386,2617,20,City,40939,AT 672 ST ANNS AVENUE betw EAST 156 STREET & RAE STREET,,,,,,,,bronx,BRONX,1,12-05386,2617,20,City,40939,672 ST ANNS AVENUE,40.8173509,-73.9111303,,,,,,brooklyn,BROOKLYN,2,11-11944,56,37,City,40921,111 GOLD STREET,40.7016188,-73.9826471,,,,,,manhattan,MANHATTAN,10,11-11935,1915,36,City,40933,413 LENOX AVENUE,40.8114499,-73.9428899,,,,,,queens,QUEENS,4,11-11674,1941,50,Private,40933,102-14 LEWIS AVENUE betw 103 STREET & 102 STREET,40.740986,-73.858148,,,,,,,,staten island,STATEN ISLAND,1,12-05113,6,135,Private,40935,ADJ. 100 CENTRAL AVENUE,40.639043,-74.078
bronx,BRONX,1,12-05387,2624,73,City,40939,BETWEEN 665 & 669 CAULDWELL AVENUE,,,,,,,,bronx,BRONX,1,12-05387,2624,73,City,40939,BETWEEN 665 & 669 CAULDWELL AVENUE,40.817186,-73.909544,,,,,,brooklyn,BROOKLYN,2,12-05053,389,27,City,40939,"350 Bergen St,Brooklyn,NY 11217",40.6825776,-73.9803744,,,,,,manhattan,MANHATTAN,10,11-11323,2007,16,Private,41183,BETWEEN 125 & 117 WEST 138 STREET,40.805717,-73.966318,,,,,,queens,QUEENS,4,11-11671,1980,1,Private,40932,102-18 45 AVENUE betw 104 STREET & 102 STREET,40.746368,-73.861723,,,,,,,,staten island,STATEN ISLAND,1,12-05113,6,136,Private,40935,ADJ. 100 CENTRAL AVENUE,40.639043,-74.077
bronx,BRONX,3,12-05385,2381,43,City,40939,AT 451 EAST 159 STREET betw BEND & ELTON AVENUE,,,,,,,,bronx,BRONX,3,12-05385,2381,43,City,40939,AT 451 EAST 159 STREET betw BEND & ELTON AVENUE,40.822522,-73.91246,,,,,,brooklyn,BROOKLYN,2,12-05053,389,29,City,40939,"350 Bergen St,Brooklyn,NY 11217",40.6825776,-73.9803744,,,,,,manhattan,MANHATTAN,10,11-11323,2007,17,Private,41183,BETWEEN 125 & 117 WEST 138 STREET,40.805717,-73.976318,,,,,,queens,QUEENS,4,11-11671,1980,3,Private,40932,102-18 45 AVENUE betw 104 STREET & 102 STREET,40.746368,-73.871723,,,,,,,,staten island,STATEN ISLAND,1,12-05113,6,138,Private,40935,ADJ. 100 CENTRAL AVENUE,40.639043,-74.076596
bronx,BRONX,3,12-05331,2383,35,City,40934,ADJ. 421 EAST 161 STREET betw ELTON AVENUE & MELROSE AVENUE,,,,,,,,bronx,BRONX,3,12-05331,2383,35,City,40934,421 EAST 161 STREET,40.824276,-73.912896,,,,,,brooklyn,BROOKLYN,3,12-05114,1718,15,City,40933,40 NOSTRAND AVENUE betw PARK AVENUE & LEE AVENUE,40.698683,-73.9661002,,,,,,manhattan,MANHATTAN,10,11-11323,2007,18,Private,41183,BETWEEN 125 & 117 WEST 138 STREET,40.805717,-73.956318,,,,,,queens,QUEENS,4,11-11837,2018,500,City,40921,42-06 114 STREET,40.750867,-73.852064,,,,,,,,staten island,STATEN ISLAND,1,11-11745,35,110,Private,40935,BETWEEN 115 & 109 BROOK STREET,40.636911,-74.084559
bronx,BRONX,3,12-05331,2383,37,City,40934,ADJ. 421 EAST 161 STREET betw ELTON AVENUE & MELROSE AVENUE,,,,,,,,bronx,BRONX,3,12-05331,2383,37,City,40934,ELTON AVENUE,40.821494,-73.913392,,,,,,brooklyn,BROOKLYN,3,11-11894,1754,24,City,41061,782 MYRTLE AVENUE,40.6949532,-73.9511595,,,,,,manhattan,MANHATTAN,10,11-11690,2007,27,Private,41153,BETWEEN 105 & 101 WEST 138 STREET,40.795463,-73.963805,,,,,,queens,QUEENS,7,11-10318,4667,37,Private,41214,17-34 150 STREET betw 18 AVENUE & 17 ROAD,40.783122,-73.814229,,,,,,,,staten island,STATEN ISLAND,1,11-11713,36,3,Private,41030,445 JERSEY STREET,40.6375568,-74.0866697
bronx,BRONX,3,12-05331,2383,39,City,40934,ADJ. 421 EAST 161 STREET betw ELTON AVENUE & MELROSE AVENUE,,,,,,,,bronx,BRONX,3,12-05331,2383,39,City,40934,ELTON AVENUE,40.821494,-73.923392,,,,,,brooklyn,BROOKLYN,3,11-11894,1754,25,City,41061,782 MYRTLE AVENUE,40.6949532,-73.9511595,,,,,,manhattan,MANHATTAN,11,11-11801,1616,31,Private,41030,ADJ. 81 EAST 110 STREET betw PARK AVENUE & MADISON AVENUE,40.792107,-73.9371783,,,,,,queens,QUEENS,7,11-11714,4950,103,City,40921,135-01 35 AVENUE,40.764769,-73.83155,,,,,,,,staten island,STATEN ISLAND,1,11-11657,106,57,Private,41183,ADJ. 38 PINE STREET betw CORSON AVENUE & BRIGHTON AVENUE,40.636082,-74.087668
bronx,BRONX,3,12-05331,2383,8900,City,40934,ADJ. 421 EAST 161 STREET betw ELTON AVENUE & MELROSE AVENUE,,,,,,,,bronx,BRONX,3,12-05331,2383,8900,City,40934,421 EAST 161 STREET,40.824276,-73.912896,,,,,,brooklyn,BROOKLYN,3,11-11894,1754,26,City,41061,782 MYRTLE AVENUE,40.6949532,-73.9511595,,,,,,manhattan,MANHATTAN,11,11-11912,1654,42,City,41030,212 EAST 105 STREET betw 2 AVENUE & 3 AVENUE,40.790401,-73.944558,,,,,,queens,QUEENS,10,11-11756,11356,12,Private,41183,133-18 77 STREET betw 135 AVENUE & 133 AVENUE,40.750399,-73.859082,,,,,,,,staten island,STATEN ISLAND,1,11-11736,527,49,Private,40938,166 CANAL STREET,40.625609,-74.078642
bronx,BRONX,3,12-05377,2384,1,City,40938,ADJ. 415 EAST 162 STREET betw DEAD END & MELROSE AVENUE,,,,,,,,bronx,BRONX,3,12-05377,2384,1,City,40938,415 EAST 162 STREET,40.824727,-73.912883,,,,,,brooklyn,BROOKLYN,3,11-11894,1754,27,City,41061,"Marcy Ave,Brooklyn, NY",40.6975765,-73.9496477,,,,,,manhattan,MANHATTAN,11,11-11911,1655,31,Private,40938,242 EAST 106 STREET betw 2 AVENUE & OSVALDO VEGA PLAZA,40.791041,-73.944111,,,,,,queens,QUEENS,10,11-11563,14240,1330,Private,41214,162-28 104 STREET,40.760399,-73.865417,,,,,,,,staten island,STATEN ISLAND,1,11-11816,527,52,Private,40938,205 CANAL STREET,40.625251,-74.079786
bronx,BRONX,3,12-05377,2384,5,City,40938,ADJ. 415 EAST 162 STREET betw DEAD END & MELROSE AVENUE,,,,,,,,bronx,BRONX,3,12-05377,2384,5,City,40938,ADJ. 415 EAST 162 STREET betw DEAD END & MELROSE AVENUE,40.824727,-73.912883,,,,,,brooklyn,BROOKLYN,3,11-11894,1754,28,City,41061,NOSTRAND AVENUE,40.6414193,-73.9485721,,,,,,manhattan,MANHATTAN,11,11-11185,1784,9,Private,41000,212 EAST 119 STREET betw 2 AVENUE & 3 AVENUE,40.799423,-73.937842,,,,,,queens,QUEENS,10,11-11563,14240,1331,Private,41214,162-28 106 STREET,40.696649,73.842061,,,,,,,,staten island,STATEN ISLAND,1,11-11817,556,100,City,40921,40 HILL STREET,40.621541,-74.079075
bronx,BRONX,3,12-05375,2384,25,City,40935,AT 925 BROOK AVENUE betw EAST 163 STREET & WASHINGTON AVENUE,,,,,,,,bronx,BRONX,3,12-05375,2384,25,City,40935,925 BROOK AVENUE,40.824726,-73.911563,,,,,,brooklyn,BROOKLYN,3,11-11894,1754,29,City,41061,782 MYRTLE AVENUE,40.6949532,-73.9511595,,,,,,manhattan,MANHATTAN,12,11-10640,2121,1,Private,41244,1045 ST NICHOLAS AVENUE betw WEST 163 STREET & WEST 162 STREET,40.836013,-73.939892,,,,,,queens,QUEENS,12,12-05242,9618,16,City,40935,88-32 138 STREET,40.703158,-73.81602,,,,,,,,staten island,STATEN ISLAND,1,11-11715,650,26,Private,41244,527 VANDERBILT AVENUE,40.613864,-74.086853
bronx,BRONX,3,12-05375,2384,28,City,40935,AT 925 BROOK AVENUE betw EAST 163 STREET & WASHINGTON AVENUE,,,,,,,,bronx,BRONX,3,12-05375,2384,28,City,40935,925 BROOK AVENUE,40.824726,-73.921563,,,,,,brooklyn,BROOKLYN,3,11-11894,1754,30,City,41061,"782 Marcy Ave,Brooklyn,NY 11216",40.686948,-73.9477728,,,,,,manhattan,MANHATTAN,12,11-11891,2123,36,Private,41244,508 WEST 166 STREET,40.838764,-73.938692,,,,,,queens,QUEENS,12,12-05085,10040,53,City,40935,106-10 REMINGTON STREET,40.689956,-73.806912,,,,,,,,staten island,STATEN ISLAND,1,11-11609,1074,13,City,40921,52 MAPLE AVENUE,40.638959,-74.134594
bronx,BRONX,3,12-05375,2384,32,City,40935,AT 925 BROOK AVENUE betw EAST 163 STREET & WASHINGTON AVENUE,,,,,,,,bronx,BRONX,3,12-05375,2384,32,City,40935,EAST 163 STREET & WASHINGTON AVENUE,40.8234623,-73.9062454,,,,,,brooklyn,BROOKLYN,3,11-11894,1754,31,City,41061,782 NOSTRAND AVENUE,40.671982,-73.9505329,,,,,,manhattan,MANHATTAN,12,11-11892,2126,53,Private,41244,517 WEST 169 STREET,40.841039,-73.937333,,,,,,queens,QUEENS,12,12-05087,10043,19,City,40939,AT 144-29 105 AVENUE,40.704998,-73.813463,,,,,,,,staten island,STATEN ISLAND,1,11-11610,1184,160,Private,41153,355 SIMONSON AVENUE,40.627519,-74.1525994
bronx,BRONX,3,12-05375,2384,33,City,40935,AT 925 BROOK AVENUE betw EAST 163 STREET & WASHINGTON AVENUE,,,,,,,,bronx,BRONX,3,12-05375,2384,33,City,40935,EAST 163 STREET & WASHINGTON AVENUE,40.8234623,-73.9062454,,,,,,brooklyn,BROOKLYN,3,11-11894,1754,32,City,41061,782 MYRTLE AVENUE,40.6949532,-73.9511595,,,,,,manhattan,MANHATTAN,12,12-05089,2129,50,City,40933,2264 AMSTERDAM AVENUE,40.8427617,-73.9351281,,,,,,queens,QUEENS,12,11-11632,10134,18,Private,40921,ADJ. 107-17 155 STREET,40.756733,-73.695128,,,,,,,,staten island,STATEN ISLAND,1,11-11611,1227,32,Private,41214,45 HARBOR ROAD,40.635821,-74.159887
bronx,BRONX,3,12-05375,2384,34,City,40935,AT 925 BROOK AVENUE betw EAST 163 STREET & WASHINGTON AVENUE,,,,,,,,bronx,BRONX,3,12-05375,2384,34,City,40935,EAST 163 STREET & WASHINGTON AVENUE,40.8234623,-73.9062454,,,,,,brooklyn,BROOKLYN,3,12-05180,1795,67,City,40934,BETWEEN 623 & 637 GREENE AVENUE,40.689487,-73.943545,,,,,,manhattan,MANHATTAN,12,12-05089,2129,52,City,40933,2264 AMSTERDAM AVENUE,40.8427617,-73.9351281,,,,,,queens,QUEENS,12,12-05074,10161,27,City,40934,ADJ. 104-44 164 STREET,40.699108,-73.79234,,,,,,,,staten island,STATEN ISLAND,1,11-11660,2822,20,Private,41061,951 BAY STREET,40.6194037,-74.0695985
bronx,BRONX,3,12-05377,2384,57,City,40938,ADJ. 415 EAST 162 STREET betw DEAD END & MELROSE AVENUE,,,,,,,,bronx,BRONX,3,12-05377,2384,57,City,40938,ADJ. 415 EAST 162 STREET betw DEAD END & MELROSE AVENUE,40.824727,-73.912883,,,,,,brooklyn,BROOKLYN,3,12-05180,1795,68,City,40934,BETWEEN 623 & 637 GREENE AVENUE,40.689487,-73.953545,,,,,,,,,,,,,,,,,,,,,,queens,QUEENS,12,12-05084,10162,56,City,40934,BETWEEN 104-49 & 104-53 164 STREET,40.699828,-73.792556,,,,,,,,staten island,STATEN ISLAND,1,11-11660,2822,21,Private,41030,951 BAY STREET,40.6194037,-74.0695985
bronx,BRONX,3,12-05377,2384,58,City,40938,ADJ. 415 EAST 162 STREET betw DEAD END & MELROSE AVENUE,,,,,,,,bronx,BRONX,3,12-05377,2384,58,City,40938,415 EAST 162 STREET,40.824727,-73.922883,,,,,,brooklyn,BROOKLYN,3,12-05180,1795,69,City,40934,BETWEEN 623 & 637 GREENE AVENUE,40.689487,-73.933545,,,,,,,,,,,,,,,,,,,,,,queens,QUEENS,12,12-05054,10163,90,Private,40934,ADJ. 107-02 165 STREET,40.698821,-73.79048,,,,,,,,staten island,STATEN ISLAND,1,11-11660,2822,22,Private,41061,951 BAY STREET,40.6194037,-74.0695985
bronx,BRONX,3,12-05377,2384,59,City,40938,ADJ. 415 EAST 162 STREET betw DEAD END & MELROSE AVENUE,,,,,,,,bronx,BRONX,3,12-05377,2384,59,City,40938,MELROSE AVENUE,40.821995,-73.91502,,,,,,brooklyn,BROOKLYN,3,12-05180,1795,70,City,40934,BETWEEN 623 & 637 GREENE AVENUE,40.679487,-73.943545,,,,,,,,,,,,,,,,,,,,,,queens,QUEENS,12,12-05051,10224,17,Private,40935,BETWEEN 170-18 & 170-14 LIBERTY AVENUE,40.703456,-73.78837,,,,,,,,staten island,STATEN ISLAND,1,11-11660,2822,23,Private,41061,951 BAY STREET,40.6194037,-74.0695985
bronx,BRONX,3,12-05377,2384,60,City,40938,ADJ. 415 EAST 162 STREET betw DEAD END & MELROSE AVENUE,,,,,,,,bronx,BRONX,3,12-05377,2384,60,City,40938,415 EAST 162 STREET,40.824727,-73.912883,,,,,,brooklyn,BROOKLYN,3,12-05180,1795,71,City,40934,BETWEEN 623 & 637 GREENE AVENUE,40.699487,-73.943545,,,,,,,,,,,,,,,,,,,,,,queens,QUEENS,12,11-11485,12031,48,Private,41000,120-27 140 STREET betw 123 AVENUE & 120 AVENUE,40.675237,-73.80062,,,,,,,,staten island,STATEN ISLAND,1,11-11660,2822,24,Private,41061,951 BAY STREET,40.6194037,-74.0695985
bronx,BRONX,3,11-11226,2385,1,Private,41061,OPPOSITE OF 451 EAST 164 STREET betw WASHINGTON AVENUE & BROOK AVENUE,,,,,,,,bronx,BRONX,3,11-11226,2385,1,Private,41061,451 EAST 164 STREET,40.82621,-73.910394,,,,,,brooklyn,BROOKLYN,3,11-11854,1867,35,Private,41244,166 HERKIMER STREET,40.679302,-73.947873,,,,,,,,,,,,,,,,,,,,,,queens,QUEENS,12,12-05343,13022,167,City,40938,136-18 WESTGATE STREET,40.7062558,-73.80062,,,,,,,,staten island,STATEN ISLAND,1,11-11660,2822,26,Private,41061,951 BAY STREET,40.6194037,-74.0695985
bronx,BRONX,3,11-11546,2745,40,Private,40926,BETWEEN 1147 & 1153 HOE AVENUE,,,,,,,,bronx,BRONX,3,11-11546,2745,40,Private,40926,1147 & 1153 HOE AVENUE,40.827623,-73.891051,,,,,,brooklyn,BROOKLYN,3,11-11880,1871,42,City,41183,446 Herkimer St,40.6788947,-73.9387605,,,,,,,,,,,,,,,,,,,,,,queens,QUEENS,13,11-11319,10741,48,Private,41000,222-17 JAMAICA AVENUE,40.7209373,-73.7320562,,,,,,,,staten island,STATEN ISLAND,1,11-11660,2822,30,Private,41061,951 BAY STREET,40.6194037,-74.0695985
bronx,BRONX,3,11-11546,2745,41,Private,40927,BETWEEN 1147 & 1153 HOE AVENUE,,,,,,,,bronx,BRONX,3,11-11546,2745,41,Private,40927,1147 & 1153 HOE AVENUE,40.827623,-73.881051,,,,,,brooklyn,BROOKLYN,3,11-11880,1871,43,City,41183,446 HERKIMER STREET,40.6788947,-73.9387605,,,,,,,,,,,,,,,,,,,,,,queens,QUEENS,13,11-11959,13266,39,City,41030,NEAR 246-19 SUNRISE HWY,40.6656178,-73.7325409,,,,,,,,staten island,STATEN ISLAND,1,11-11870,2922,121,City,40934,200 OSGOOD AVENUE,40.616584,-74.079955
bronx,BRONX,3,12-05376,2965,6,City,40935,ADJ. 1386 STEBBINS AVENUE betw EAST 170 STREET & JENNINGS STREET,,,,,,,,bronx,BRONX,3,12-05376,2965,6,City,40935,1386 STEBBINS AVENUE ,40.8326487,-73.893796,,,,,,brooklyn,BROOKLYN,3,11-11947,1942,6,Private,40933,273 SKILLMAN STREET,40.6900095,-73.9560828,,,,,,,,,,,,,,,,,,,,,,queens,QUEENS,14,11-11682,15605,340,Private,40921,CORNER BEACH    9 STREET & SEAGIRT AVENUE,40.596039,73.744032,,,,,,,,staten island,STATEN ISLAND,2,11-11819,2218,35,City,40933,200 GRAHAM AVENUE,40.609229,-74.169847
bronx,BRONX,3,12-05376,2965,7,City,40935,ADJ. 1386 STEBBINS AVENUE betw EAST 170 STREET & JENNINGS STREET,,,,,,,,bronx,BRONX,3,12-05376,2965,7,City,40935,1386 STEBBINS AVENUE ,40.8326487,-73.893796,,,,,,brooklyn,BROOKLYN,3,11-11946,1942,9,Private,40933,267 SKILLMAN STREET,40.690121,-73.9560271,,,,,,,,,,,,,,,,,,,,,,queens,QUEENS,14,11-11682,15605,350,Private,40921,CORNER BEACH,40.596039,73.754032,,,,,,,,staten island,STATEN ISLAND,2,11-11717,2359,1,City,41000,1670 FOREST HILL ROAD,40.580059,-74.1537079
bronx,BRONX,3,12-05376,2965,8,City,40935,ADJ. 1386 STEBBINS AVENUE betw EAST 170 STREET & JENNINGS STREET,,,,,,,,bronx,BRONX,3,12-05376,2965,8,City,40935,1386 STEBBINS AVENUE ,40.8326487,-73.893796,,,,,,brooklyn,BROOKLYN,3,12-05328,1973,38,City,40939,96 QUINCY STREET,40.6859898,-73.9574046,,,,,,,,,,,,,,,,,,,,,,queens,QUEENS,14,11-11682,15605,352,Private,40921,9 STREET & SEAGIRT AVENUE,40.596039,-73.734032,,,,,,,,,,,,,,,,,,
bronx,BRONX,3,12-05376,2965,13,City,40935,ADJ. 1386 STEBBINS AVENUE betw EAST 170 STREET & JENNINGS STREET,,,,,,,,bronx,BRONX,3,12-05376,2965,13,City,40935,1386 STEBBINS AVENUE ,40.8326487,-73.893796,,,,,,brooklyn,BROOKLYN,4,12-05308,3232,42,City,40938,1280 MYRTLE AVENUE,40.69785,-73.92582,,,,,,,,,,,,,,,,,,,,,,queens,QUEENS,14,11-11490,15817,50,Private,41061,2511 SEAGIRT AVENUE,40.5950024,-73.7589561,,,,,,,,,,,,,,,,,,
bronx,BRONX,3,12-05005,2979,1,City,41244,ADJ. 1208 SOUTHERN BOULEVARD betw LOUIS NINE BOULEVARD & HOME STREET,,,,,,,,bronx,BRONX,3,12-05005,2979,1,City,41244,1208 SOUTHERN BOULEVARD,40.8288048,-73.8915682,,,,,,brooklyn,BROOKLYN,4,12-05282,3285,71,City,40939,1177 GREENE AVENUE,40.6953209,-73.9224684,,,,,,,,,,,,,,,,,,,,,,queens,QUEENS,14,11-11903,15819,79,City,41030,116 BEACH 27 STREET,40.592691,-73.759482,,,,,,,,,,,,,,,,,,
bronx,BRONX,3,12-05135,2980,4,Private,40932,ADJ. 1286 SOUTHERN BOULEVARD betw JENNINGS STREET & LOUIS NINE BOULEVARD,,,,,,,,bronx,BRONX,3,12-05135,2980,4,Private,40932,1286 SOUTHERN,40.830353,-73.891656,,,,,,brooklyn,BROOKLYN,4,12-05283,3296,58,City,40938,ADJ. 105 BLEECKER STREET betw CENTRAL AVENUE & EVERGREEN AVENUE,40.695333,-73.921358,,,,,,,,,,,,,,,,,,,,,,queens,QUEENS,14,11-11881,15825,1,City,41183,323 BEACH 36 STREET,40.595765,-73.768925,,,,,,,,,,,,,,,,,,
bronx,BRONX,3,12-05133,2994,32,Private,40934,ADJ. 1437 BRYANT AVENUE betw JENNINGS STREET & BEND,,,,,,,,bronx,BRONX,3,12-05133,2994,32,Private,40934,1437 BRYANT AVENUE,40.8310848,-73.8885135,,,,,,brooklyn,BROOKLYN,4,12-05284,3342,42,City,40938,201 & 209 PALMETTO STREET,40.69478,-73.916027,,,,,,,,,,,,,,,,,,,,,,queens,QUEENS,14,11-11881,15825,9,City,41183,BEACH CHANNEL DRIVE & ROCKAWAY BEACH BOULEVARD,40.5889257,-73.8164927,,,,,,,,,,,,,,,,,,
bronx,BRONX,3,11-11795,2994,45,Private,40928,ADJ. 1411 BRYANT AVENUE betw JENNINGS STREET & BEND,,,,,,,,bronx,BRONX,3,11-11795,2994,45,Private,40928,1411 BRYANT AVENUE,40.8302774,-73.8890647,,,,,,brooklyn,BROOKLYN,4,12-05284,3342,43,City,40938,209 PALMETTO STREET,40.6947796,-73.916027,,,,,,,,,,,,,,,,,,,,,,queens,QUEENS,14,11-11904,15837,47,City,41153,352 BEACH 45 STREET,40.7600071,-73.757937,,,,,,,,,,,,,,,,,,
bronx,BRONX,4,12-05008,2455,49,Private,40932,ADJ. 207 EAST 163 STREET betw SHERMAN AVENUE & SHERIDAN AVENUE,,,,,,,,bronx,BRONX,4,12-05008,2455,49,Private,40932,207 EAST 163 STREET,40.828052,-73.919786,,,,,,brooklyn,BROOKLYN,4,12-05252,3387,1,City,40939,1036 JEFFERSON AVENUE,40.6871915,-73.9169915,,,,,,,,,,,,,,,,,,,,,,queens,QUEENS,14,11-11904,15837,49,City,41153,352 BEACH 47 STREET,40.594944,-73.777937,,,,,,,,,,,,,,,,,,
bronx,BRONX,4,12-05431,2514,60,City,40939,ADJ. 128 WEST 167 STREET betw OGDEN AVENUE & NELSON AVENUE,,,,,,,,bronx,BRONX,4,12-05431,2514,60,City,40939,ADJ. 128 WEST 167 STREET betw OGDEN AVENUE & NELSON AVENUE,40.8371002,-73.9277265,,,,,,brooklyn,BROOKLYN,4,11-11571,3434,42,Private,41153,1150 & 1146 DECATUR STREET,40.687671,-73.908267,,,,,,,,,,,,,,,,,,,,,,queens,QUEENS,14,11-11904,15837,51,City,41153,352 BEACH 47 STREET,40.594944,-73.767937,,,,,,,,,,,,,,,,,,
bronx,BRONX,4,12-05430,2514,70,City,40939,BETWEEN 1123 & 1139 NELSON AVENUE,,,,,,,,bronx,BRONX,4,12-05430,2514,70,City,40939,BETWEEN 1123 & 1139 NELSON AVENUE,40.84527,-73.920231,,,,,,brooklyn,BROOKLYN,5,11-11703,3680,29,City,41214,1766 EAST NEW YORK AVENUE betw NYCTA SUBWAY & VAN SINDEREN AVENUE,40.675315,-73.903075,,,,,,,,,,,,,,,,,,,,,,queens,QUEENS,14,11-11905,15837,52,City,41061,335 BEACH 45 STREET,40.594637,-73.77664,,,,,,,,,,,,,,,,,,
bronx,BRONX,4,12-05430,2514,72,City,40939,BETWEEN 1123 & 1139 NELSON AVENUE,,,,,,,,bronx,BRONX,4,12-05430,2514,72,City,40939,BETWEEN 1123 & 1139 NELSON AVENUE,40.84527,-73.910231,,,,,,brooklyn,BROOKLYN,5,11-11703,3680,129,City,41214,1766 EAST NEW YORK AVENUE betw NYCTA SUBWAY & VAN SINDEREN AVENUE,40.675315,-73.913075,,,,,,,,,,,,,,,,,,,,,,queens,QUEENS,14,11-11905,15837,54,City,41061,335 BEACH 46 STREET,40.594637,-73.76664,,,,,,,,,,,,,,,,,,
bronx,BRONX,4,12-05430,2514,73,City,40939,BETWEEN 1123 & 1139 NELSON AVENUE,,,,,,,,bronx,BRONX,4,12-05430,2514,73,City,40939,BETWEEN 1123 & 1139 NELSON AVENUE,40.84527,-73.900231,,,,,,brooklyn,BROOKLYN,5,11-11449,3722,114,Private,41244,424 GLENMORE AVENUE,40.673242,-73.8947606,,,,,,,,,,,,,,,,,,,,,,queens,QUEENS,14,11-11906,15848,57,City,40921,218 BEACH 40 STREET,40.593905,-73.771846,,,,,,,,,,,,,,,,,,
bronx,BRONX,4,12-05378,2830,44,City,40938,REAR OF 1346 SHERIDAN AVENUE betw EAST 170 STREET & MARCY PLACE,,,,,,,,bronx,BRONX,4,12-05378,2830,44,City,40938,1346 SHERIDAN AVENUE,40.8372332,-73.9133766,,,,,,brooklyn,BROOKLYN,5,12-05200,3725,12,City,40934,488 MILLER AVENUE ,40.668714,-73.890213,,,,,,,,,,,,,,,,,,,,,,queens,QUEENS,14,11-11906,15848,58,City,40921,218 BEACH 41 STREET,40.774086,-73.903553,,,,,,,,,,,,,,,,,,
bronx,BRONX,4,12-05378,2830,48,City,40938,REAR OF 1346 SHERIDAN AVENUE betw EAST 170 STREET & MARCY PLACE,,,,,,,,bronx,BRONX,4,12-05378,2830,48,City,40938, 1346 SHERIDAN AVENUe,40.8372332,-73.9133766,,,,,,brooklyn,BROOKLYN,5,12-05200,3725,13,City,40934,488 BRADFORD STREET,40.6669971,-73.8910055,,,,,,,,,,,,,,,,,,,,,,queens,QUEENS,14,11-11906,15848,60,City,40921,218 BEACH 42 STREET,40.75622,-73.773434,,,,,,,,,,,,,,,,,,
bronx,BRONX,4,12-05378,2830,52,City,40938,REAR OF 1346 SHERIDAN AVENUE betw EAST 170 STREET & MARCY PLACE,,,,,,,,bronx,BRONX,4,12-05378,2830,52,City,40938, 1346 SHERIDAN AVENUe,40.8372332,-73.9133766,,,,,,brooklyn,BROOKLYN,5,12-05191,3820,123,City,40939,491 ALABAMA AVENUE,40.663997,-73.8965176,,,,,,,,,,,,,,,,,,,,,,queens,QUEENS,14,11-11896,15848,62,City,41214,ADJ. 216 BEACH 40 STREET betw ROCKAWAY BEACH BOULEVARD & DEAD END,40.59582,-73.753807,,,,,,,,,,,,,,,,,,
bronx,BRONX,4,12-05378,2830,57,City,40938,REAR OF 1346 SHERIDAN AVENUE betw EAST 170 STREET & MARCY PLACE,,,,,,,,bronx,BRONX,4,12-05378,2830,57,City,40938,EAST 170 STREET & MARCY PLACE,40.8356096,-73.9054742,,,,,,brooklyn,BROOKLYN,5,12-05067,3865,24,City,40927,"719 Van Sinderen Ave,Brooklyn, NY 11207",40.658736,-73.8989865,,,,,,,,,,,,,,,,,,,,,,queens,QUEENS,14,11-11896,15848,63,City,41214,ADJ. 216 BEACH 40 STREET betw ROCKAWAY BEACH BOULEVARD & DEAD END,40.5805469,-73.8274249,,,,,,,,,,,,,,,,,,
bronx,BRONX,4,12-05378,2830,62,City,40938,REAR OF 1346 SHERIDAN AVENUE betw EAST 170 STREET & MARCY PLACE,,,,,,,,bronx,BRONX,4,12-05378,2830,62,City,40938,EAST 170 STREET & MARCY PLACE,40.8356096,-73.9054742,,,,,,brooklyn,BROOKLYN,5,12-05067,3865,25,City,40927,719 LINDEN BOULEVARD & NEW LOTS AVENUE,40.653975,-73.932102,,,,,,,,,,,,,,,,,,,,,,queens,QUEENS,14,11-11896,15848,65,City,41214,ADJ. 216 BEACH 40 STREET betw ROCKAWAY BEACH BOULEVARD & DEAD END,40.5805469,-73.8374249,,,,,,,,,,,,,,,,,,
bronx,BRONX,5,11-11728,2814,8,Private,41183,REAR OF 1920 ANTHONY AVENUE betw ECHO PLACE & EAST TREMONT AVENUE,,,,,,,,bronx,BRONX,5,11-11728,2814,8,Private,41183,"1920 Anthony Ave,Bronx,NY 10457",40.8492136,-73.9029111,,,,,,brooklyn,BROOKLYN,5,12-05067,3865,26,City,40927,719 LINDEN BOULEVARD,40.653975,-73.932102,,,,,,,,,,,,,,,,,,,,,,queens,QUEENS,14,11-11896,15848,67,City,41214,ADJ. 216 BEACH 40 STREET betw ROCKAWAY BEACH BOULEVARD & DEAD END,40.5805469,-73.8474249,,,,,,,,,,,,,,,,,,
bronx,BRONX,5,12-05006,2867,125,City,41244,REAR OF 1821 DAVIDSON AVENUE betw WEST 177 STREET & WEST 176 STREET,,,,,,,,bronx,BRONX,5,12-05006,2867,125,City,41244,"1920 Anthony Ave,Bronx,NY 10457",40.8492136,-73.9029111,,,,,,brooklyn,BROOKLYN,5,12-05067,3865,27,City,40927,719 NEW LOTS AVENUE,40.6660282,-73.8842874,,,,,,,,,,,,,,,,,,,,,,queens,QUEENS,14,11-11900,15849,18,City,41214,40-03 ROCKAWAY BEACH BOULEVARD betw BEACH 41 STREET & BEACH 40 STREET,40.5962571,-73.7720332,,,,,,,,,,,,,,,,,,
bronx,BRONX,5,12-05007,2868,3,City,41183,ADJ. 156 MORTON PLACE betw DR M L KING JR BOULEVARD & HARRISON AVENUE,,,,,,,,bronx,BRONX,5,12-05007,2868,3,City,41183,156 MORTON PLACE,40.8507848,-73.914717,,,,,,brooklyn,BROOKLYN,5,12-05041,3866,41,City,40932,BETWEEN 644 & 638 HINSDALE STREET,40.67371,-73.901166,,,,,,,,,,,,,,,,,,,,,,queens,QUEENS,14,11-11900,15849,19,City,41214,40-03 ROCKAWAY BEACH BOULEVARD betw BEACH 41 STREET & BEACH 40 STREET,40.5962571,-73.7820332,,,,,,,,,,,,,,,,,,
bronx,BRONX,5,11-11755,3186,73,Private,41153,ADJ. 2255 WALTON AVENUE betw EAST 183 STREET & EAST 182 STREET,,,,,,,,bronx,BRONX,5,11-11755,3186,73,Private,41153,"2255 Walton Ave,Bronx,NY 10453",40.857735,-73.903485,,,,,,brooklyn,BROOKLYN,5,12-05042,3866,68,City,41214,"1747 Linden Blvd,Brooklyn, NY 11207",40.657891,-73.897842,,,,,,,,,,,,,,,,,,,,,,queens,QUEENS,14,11-11900,15849,20,City,41214,40-03 ROCKAWAY BEACH BOULEVARD betw BEACH 41 STREET & BEACH 40 STREET,40.5962571,-73.7920332,,,,,,,,,,,,,,,,,,
bronx,BRONX,6,11-11866,2900,28,Private,41244,ADJ. 4147 PARK AVENUE betw EAST 176 STREET & EAST 175 STREET,,,,,,,,bronx,BRONX,6,11-11866,2900,28,Private,41244,4147 PARK AVENUE,40.8462614,-73.9005062,,,,,,brooklyn,BROOKLYN,5,12-05043,3992,45,City,41214,868A GLENMORE AVENUE ,40.6756934,-73.8778883,,,,,,,,,,,,,,,,,,,,,,queens,QUEENS,14,11-11898,15850,6,City,41153,41-11 ROCKAWAY BEACH BOULEVARD,40.5937761,-73.7732638,,,,,,,,,,,,,,,,,,
bronx,BRONX,6,11-11695,2947,18,City,40969,ADJ. 1899 BELMONT AVENUE betw EAST TREMONT AVENUE & BEND,,,,,,,,bronx,BRONX,6,11-11695,2947,18,City,40969,1899 BELMONT AVENUE,40.8452869,-73.8928115,,,,,,brooklyn,BROOKLYN,5,12-05044,4000,3,City,41214,335 ASHFORD STREET,40.674161,-73.884946,,,,,,,,,,,,,,,,,,,,,,queens,QUEENS,14,11-11902,15851,33,City,41244,42-16 ROCKAWAY BEACH BOULEVARD,40.5939698,-73.7743609,,,,,,,,,,,,,,,,,,
bronx,BRONX,7,11-11754,3198,12,Private,41061,NEAR 2310 GRAND AVENUE betw WEST 184 STREET & NORTH STREET,,,,,,,,bronx,BRONX,7,11-11754,3198,12,Private,41061, 2310 GRAND AVENUE,40.860402,-73.904546,,,,,,brooklyn,BROOKLYN,5,11-11958,4050,22,City,41183,582 LINWOOD STREET,40.670931,-73.882025,,,,,,,,,,,,,,,,,,,,,,queens,QUEENS,14,11-11902,15851,42,City,41244,42-16 ROCKAWAY BEACH BOULEVARD,40.5939698,-73.7743609,,,,,,,,,,,,,,,,,,
bronx,BRONX,8,11-11585,3253,202,Private,41030,REAR OF 3065 SEDGWICK AVENUE betw PEROT STREET & RESERVOIR AVENUE,,,,,,,,bronx,BRONX,8,11-11585,3253,202,Private,41030,3065 Sedgwick Ave,40.8766081,-73.8998497,,,,,,brooklyn,BROOKLYN,5,12-05092,4067,12,City,40926,661 LINWOOD STREET,40.669045,-73.8811292,,,,,,,,,,,,,,,,,,,,,,queens,QUEENS,14,11-11879,15864,1,City,41153,N/S SPRAYVIEW AVENUE,40.5924139,-73.7669406,,,,,,,,,,,,,,,,,,
bronx,BRONX,8,11-11973,3253,204,Private,40933,ADJ. 3056 KINGSBRIDGE TERRACE betw PEROT STREET & ALBANY CRESCENT,,,,,,,,bronx,BRONX,8,11-11973,3253,204,Private,40933,3056 KINGSBRIDGE TERRACE,40.8768434,-73.900724,,,,,,brooklyn,BROOKLYN,5,11-11968,4074,39,City,41183, 779 LIVONIA AVENUE,40.6658451,-73.888146,,,,,,,,,,,,,,,,,,,,,,queens,QUEENS,14,11-11961,15870,60,City,41214,AT 42-00 BEACH 38 STREET,40.747477,-73.926623,,,,,,,,,,,,,,,,,,
bronx,BRONX,8,11-11601,3257,39,Private,41214,ADJ. 3138 HEATH AVENUE betw FT INDEPENDENCE STREET & BEND,,,,,,,,bronx,BRONX,8,11-11601,3257,39,Private,41214,3138 HEATH AVENUE betw FT INDEPENDENCE STREET & BEND,40.8803576,-73.9007419,,,,,,brooklyn,BROOKLYN,5,11-11950,4078,11,City,41061,BETWEEN 577 & 583 JEROME STREET,40.666736,-73.88485,,,,,,,,,,,,,,,,,,,,,,queens,QUEENS,14,12-05039,15891,1,City,40921,SOUTH SIDE OF ARVERNE BLVD,40.592805,-73.787989,,,,,,,,,,,,,,,,,,
bronx,BRONX,8,11-11601,3257,46,Private,41214,ADJ. 3138 HEATH AVENUE betw FT INDEPENDENCE STREET & BEND,,,,,,,,bronx,BRONX,8,11-11601,3257,46,Private,41214,3138 HEATH AVENUE betw FT INDEPENDENCE STREET & BEND,40.8803576,-73.9007419,,,,,,brooklyn,BROOKLYN,5,11-11969,4081,23,City,41183,BETWEEN 982 & 976 DUMONT AVENUE,40.667896,-73.882415,,,,,,,,,,,,,,,,,,,,,,queens,QUEENS,14,12-05038,15919,1,City,40935,AT 1-35 BEACH 52 STREET,40.578952,-73.849544,,,,,,,,,,,,,,,,,,
bronx,BRONX,8,11-11601,3257,47,Private,41214,ADJ. 3138 HEATH AVENUE betw FT INDEPENDENCE STREET & BEND,,,,,,,,bronx,BRONX,8,11-11601,3257,47,Private,41214,3138 HEATH AVENUE betw FT INDEPENDENCE STREET & BEND,40.8803576,-73.9007419,,,,,,brooklyn,BROOKLYN,5,11-11970,4083,29,Private,40932,823 NEW LOTS AVENUE,40.6675702,-73.8804746,,,,,,,,,,,,,,,,,,,,,,queens,QUEENS,14,12-05164,15965,104,City,40938,BETWEEN 429 & 433 BEACH 43 STREET,40.743335,-73.921505,,,,,,,,,,,,,,,,,,
bronx,BRONX,8,11-11601,3257,71,Private,41214,ADJ. 3138 HEATH AVENUE betw FT INDEPENDENCE STREET & BEND,,,,,,,,bronx,BRONX,8,11-11601,3257,71,Private,41214,3138 HEATH AVENUE betw FT INDEPENDENCE STREET & BEND,40.8803576,-73.9007419,,,,,,brooklyn,BROOKLYN,5,12-05046,4092,1,Private,40933,NEW LOTS AVENUE & NYCTA SUBWAY,40.6632873,-73.8897877,,,,,,,,,,,,,,,,,,,,,,queens,QUEENS,14,11-11859,16100,31,City,41030,OPPOSITE OF 2-52 BEACH CHANNEL DRIVE,40.5940793,-73.7896881,,,,,,,,,,,,,,,,,,
bronx,BRONX,8,11-11478,5727,560,Private,41030,OPPOSITE OF 2750 JOHNSON AVENUE betw WEST 230 STREET & BEND,,,,,,,,bronx,BRONX,8,11-11478,5727,560,Private,41030,2750 JOHNSON AVENUE,40.8801731,-73.91173,,,,,,brooklyn,BROOKLYN,5,12-05046,4092,2,Private,40933, 607 JEROME STREET ,40.665833,-73.884678,,,,,,,,,,,,,,,,,,,,,,queens,QUEENS,14,11-11858,16100,38,City,41030,OPPOSITE OF 245 BEACH CHANNEL DRIVE,40.5940793,-73.7896881,,,,,,,,,,,,,,,,,,
bronx,BRONX,9,11-11723,3597,40,Private,41153,ADJ. 757 BEACH AVENUE betw LAFAYETTE AVENUE & SEWARD AVENUE,,,,,,,,bronx,BRONX,9,11-11723,3597,40,Private,41153,ADJ. 757 BEACH AVENUE betw LAFAYETTE AVENUE & SEWARD AVENUE,40.820783,-73.863971,,,,,,brooklyn,BROOKLYN,5,12-05046,4092,3,Private,40933,NEW LOTS AVENUE & NYCTA SUBWAY,40.6632873,-73.8897877,,,,,,,,,,,,,,,,,,,,,,queens,QUEENS,14,11-11790,16103,60,City,41061,AT 83-00 BEACH 83 STREET,40.718963,-73.869551,,,,,,,,,,,,,,,,,,
bronx,BRONX,9,11-11723,3597,42,Private,41153,ADJ. 757 BEACH AVENUE betw LAFAYETTE AVENUE & SEWARD AVENUE,,,,,,,,bronx,BRONX,9,11-11723,3597,42,Private,41153,ADJ. 757 BEACH AVENUE betw LAFAYETTE AVENUE & SEWARD AVENUE,40.820783,-73.873971,,,,,,brooklyn,BROOKLYN,5,12-05162,4142,32,City,40933,CHESTNUT STREET & RICHMOND STREET,40.684323,-73.877096,,,,,,,,,,,,,,,,,,,,,,queens,QUEENS,14,12-05049,16106,1,City,40933,OPPOSITE OF 82-03 BEACH CHANNEL DRIVE,40.5940793,-73.7896881,,,,,,,,,,,,,,,,,,
bronx,BRONX,9,11-11723,3597,43,Private,41183,ADJ. 757 BEACH AVENUE betw LAFAYETTE AVENUE & SEWARD AVENUE,,,,,,,,bronx,BRONX,9,11-11723,3597,43,Private,41183,ADJ. 757 BEACH AVENUE betw LAFAYETTE AVENUE & SEWARD AVENUE,40.820783,-73.863971,,,,,,brooklyn,BROOKLYN,5,11-11922,4223,6,City,41183,"553 Grant Ave,Brooklyn, NY 11208",40.6770883,-73.8656407,,,,,,,,,,,,,,,,,,,,,,,,,,,,,,,,,,,,,,,,,,,,,,,,,,
bronx,BRONX,9,12-05148,3706,1,City,40925,AT 930 ZEREGA AVENUE betw CROSS BRONX EXPWY NB ET 6 A & QUIMBY AVENUE,,,,,,,,bronx,BRONX,9,12-05148,3706,1,City,40925,930 ZEREGA AVENUE,40.827351,-73.843022,,,,,,brooklyn,BROOKLYN,5,11-11923,4258,1,City,41061,REAR OF 338 FORBELL STREET betw SUTTER AVENUE & CONDUIT BOULEVARD,40.674287,-73.863366,,,,,,,,,,,,,,,,,,,,,,,,,,,,,,,,,,,,,,,,,,,,,,,,,,
bronx,BRONX,9,11-11725,3771,64,Private,41153,BETWEEN 1229 & 1233 WHEELER AVENUE,,,,,,,,bronx,BRONX,9,11-11725,3771,64,Private,41153,BETWEEN 1229 & 1233 WHEELER AVENUE,40.832239,-73.880997,,,,,,brooklyn,BROOKLYN,5,11-11924,4259,6,City,41153,"1483 Sutter Ave,Brooklyn, NY 11208",40.6740679,-73.8630283,,,,,,,,,,,,,,,,,,,,,,,,,,,,,,,,,,,,,,,,,,,,,,,,,,
bronx,BRONX,9,11-11696,3918,22,Private,41061,ADJ. 1762 EAST TREMONT AVENUE betw ST LAWRENCE AVENUE & BEND,,,,,,,,bronx,BRONX,9,11-11696,3918,22,Private,41061,1762 EAST TREMONT AVENUE,40.8395092,-73.8689555,,,,,,brooklyn,BROOKLYN,5,11-11926,4276,35,Private,40933,673 DREW STREET,40.6735708,-73.8616394,,,,,,,,,,,,,,,,,,,,,,,,,,,,,,,,,,,,,,,,,,,,,,,,,,
bronx,BRONX,11,12-05060,4320,41,Private,40933,ADJ. 2181 WALLACE AVENUE betw PELHAM PARKWAY & LYDIG AVENUE,,,,,,,,bronx,BRONX,11,12-05060,4320,41,Private,40933,2181 WALLACE AVENUE,40.8556717,-73.8650161,,,,,,brooklyn,BROOKLYN,5,11-11926,4276,40,Private,40933,betw BLAKE AVENUE & SUTTER AVENUE,40.669926,-73.881481,,,,,,,,,,,,,,,,,,,,,,,,,,,,,,,,,,,,,,,,,,,,,,,,,,
bronx,BRONX,12,11-11774,4635,31,Private,40921,BETWEEN 912 & 934 EAST GUNHILL ROAD,,,,,,,,bronx,BRONX,12,11-11774,4635,31,Private,40921,BETWEEN 912 & 934 EAST GUNHILL ROAD,40.87512,-73.859846,,,,,,brooklyn,BROOKLYN,5,11-11926,4276,43,Private,40933,betw BLAKE AVENUE & SUTTER AVENUE,40.669926,-73.891481,,,,,,,,,,,,,,,,,,,,,,,,,,,,,,,,,,,,,,,,,,,,,,,,,,
bronx,BRONX,12,11-11774,4635,32,Private,40921,BETWEEN 912 & 934 EAST GUNHILL ROAD,,,,,,,,bronx,BRONX,12,11-11774,4635,32,Private,40921,BETWEEN 912 & 934 EAST GUNHILL ROAD,40.87512,-73.849846,,,,,,brooklyn,BROOKLYN,5,11-11926,4276,44,Private,40933,betw BLAKE AVENUE & SUTTER AVENUE,40.669926,-73.897481,,,,,,,,,,,,,,,,,,,,,,,,,,,,,,,,,,,,,,,,,,,,,,,,,,
bronx,BRONX,12,11-11694,4657,72,Private,41000,ADJ. 730 EAST 212 STREET betw HOLLAND AVENUE & WHITE PLAINS ROAD,,,,,,,,bronx,BRONX,12,11-11694,4657,72,Private,41000,730 EAST 212 STREET,40.878057,-73.864442,,,,,,brooklyn,BROOKLYN,5,11-11787,4290,30,Private,41153,1469 BLAKE AVENUE,40.672754,-73.862166,,,,,,,,,,,,,,,,,,,,,,,,,,,,,,,,,,,,,,,,,,,,,,,,,,
bronx,BRONX,12,11-11640,4727,24,Private,41244,REAR OF 1206 EAST 222 STREET betw KINGSLAND AVENUE & NEEDHAM AVENUE,,,,,,,,bronx,BRONX,12,11-11640,4727,24,Private,41244,1206 EAST 222 STREET,40.880182,-73.846888,,,,,,brooklyn,BROOKLYN,5,11-11955,4309,1,City,41153,745 BARBEY STREET,40.6640572,-73.8847582,,,,,,,,,,,,,,,,,,,,,,,,,,,,,,,,,,,,,,,,,,,,,,,,,,
bronx,BRONX,12,12-05004,4799,39,Private,40938,OPPOSITE OF 2833 ELY AVENUE betw ARNOW AVENUE & BARTOW AVENUE,,,,,,,,bronx,BRONX,12,12-05004,4799,39,Private,40938,2833 ELY AVENUE,40.8683998,-73.8353055,,,,,,brooklyn,BROOKLYN,5,11-11956,4309,19,Private,40928,682 JEROME STREET,40.6638589,-73.8840462,,,,,,,,,,,,,,,,,,,,,,,,,,,,,,,,,,,,,,,,,,,,,,,,,,
brooklyn,BROOKLYN,1,11-11878,2147,1,City,41061,ADJ. 115 DIVISION AVENUE betw DRIGGS AVENUE & BEDFORD AVENUE,,,,,,,,,,,,,,,,,,,,,,,,brooklyn,BROOKLYN,5,11-11955,4309,46,City,41153,745 BARBEY STREET,40.6640572,-73.8847582,,,,,,,,,,,,,,,,,,,,,,,,,,,,,,,,,,,,,,,,,,,,,,,,,,
brooklyn,BROOKLYN,1,11-11684,2399,17,Private,41030,ADJ. 381 SOUTH 1 STREET betw HOOPER STREET & GRAND ST EXTENSION,,,,,,,,,,,,,,,,,,,,,,,,brooklyn,BROOKLYN,5,11-11954,4313,6,City,41153,767 NEW LOTS AVENUE,40.6667941,-73.8822776,,,,,,,,,,,,,,,,,,,,,,,,,,,,,,,,,,,,,,,,,,,,,,,,,,
brooklyn,BROOKLYN,1,11-11684,2399,19,Private,41030,ADJ. 381 SOUTH 1 STREET betw HOOPER STREET & GRAND ST EXTENSION,,,,,,,,,,,,,,,,,,,,,,,,brooklyn,BROOKLYN,5,11-11951,4348,48,City,41061,879 NEW JERSEY AVENUE,40.6581491,-73.8889843,,,,,,,,,,,,,,,,,,,,,,,,,,,,,,,,,,,,,,,,,,,,,,,,,,
brooklyn,BROOKLYN,1,11-11735,2412,124,Private,41030,ADJ. 373 SOUTH 2 STREET betw HOOPER STREET & KEAP STREET,,,,,,,,,,,,,,,,,,,,,"555 Main,New York,NY 10010",,,brooklyn,BROOKLYN,5,11-11951,4348,50,City,41061,881 NEW JERSEY AVENUE,40.658106,-73.888887,,,,,,,,,,,,,,,,,,,,,,,,,,,,,,,,,,,,,,,,,,,,,,,,,,
brooklyn,BROOKLYN,2,11-11944,56,37,City,40921,ADJ. 111 GOLD STREET betw YORK STREET & FRONT STREET,,,,,,,,,,,,,,,,,,,,,460 WESTCHESTER AVENUE,,,brooklyn,BROOKLYN,5,12-05195,4448,1,City,40935,12441 FLATLANDS AVENUE,40.6576961,-73.8755169,,,,,,,,,,,,,,,,,,,,,,,,,,,,,,,,,,,,,,,,,,,,,,,,,,
brooklyn,BROOKLYN,2,12-05053,389,27,City,40939,NEAR 350 BERGEN STREET betw 4 AVENUE & 3 AVENUE,,,,,,,,,,,,,,,,,,,,,,,,brooklyn,BROOKLYN,5,11-11788,4472,52,Private,41183,479 RUBY STREET,40.6707327,-73.8598936,,,,,,,,,,,,,,,,,,,,,,,,,,,,,,,,,,,,,,,,,,,,,,,,,,
brooklyn,BROOKLYN,2,12-05053,389,29,City,40939,NEAR 350 BERGEN STREET betw 4 AVENUE & 3 AVENUE,,,,,,,,,,,,,,,,,,,,,,,,brooklyn,BROOKLYN,5,12-05237,4548,112,City,40934,1013 HEMLOCK STREEt,40.663655,-73.8658545,,,,,,,,,,,,,,,,,,,,,,,,,,,,,,,,,,,,,,,,,,,,,,,,,,
brooklyn,BROOKLYN,3,12-05114,1718,15,City,40933,ADJ. 40 NOSTRAND AVENUE betw PARK AVENUE & LEE AVENUE,,,,,,,,,,,,,,,,,,,,,,,,brooklyn,BROOKLYN,5,12-05234,4551,1,City,40935,NEAR 987 LINCOLN AVENUE betw WORTMAN AVENUE & STANLEY AVENUE,40.664494,-73.864155,,,,,,,,,,,,,,,,,,,,,,,,,,,,,,,,,,,,,,,,,,,,,,,,,,
brooklyn,BROOKLYN,3,11-11894,1754,24,City,41061,ADJ. 782 MYRTLE AVENUE betw MARCY AVENUE & NOSTRAND AVENUE,,,,,,,,,,,,,,,,,,,,,,,,brooklyn,BROOKLYN,5,12-05236,4569,1,City,40934,1145 GRANT AVENUE,40.661434,-73.861515,,,,,,,,,,,,,,,,,,,,,,,,,,,,,,,,,,,,,,,,,,,,,,,,,,
brooklyn,BROOKLYN,3,11-11894,1754,25,City,41061,ADJ. 782 MYRTLE AVENUE betw MARCY AVENUE & NOSTRAND AVENUE,,,,,,,,,,,,,,,,,,,,,,,,brooklyn,BROOKLYN,6,11-11559,357,36,City,41061,296 COLUMBIA STREET,40.6820751,-74.0044202,,,,,,,,,,,,,,,,,,,,,,,,,,,,,,,,,,,,,,,,,,,,,,,,,,
brooklyn,BROOKLYN,3,11-11894,1754,26,City,41061,ADJ. 782 MYRTLE AVENUE betw MARCY AVENUE & NOSTRAND AVENUE,,,,,,,,,,,,,,,,,,,,,,,,brooklyn,BROOKLYN,8,11-11929,1126,7,Private,40934,619 CLASSON AVENUE,40.6793634,-73.9582886,,,,,,,,,,,,,,,,,,,,,,,,,,,,,,,,,,,,,,,,,,,,,,,,,,
brooklyn,BROOKLYN,3,11-11894,1754,27,City,41061,ADJ. 782 MYRTLE AVENUE betw MARCY AVENUE & NOSTRAND AVENUE,,,,,,,,,,,,,,,,,,,,,,,,brooklyn,BROOKLYN,8,12-05056,1343,3,Private,40938,85 UTICA AVENUE,40.676008,-73.93015,,,,,,,,,,,,,,,,,,,,,,,,,,,,,,,,,,,,,,,,,,,,,,,,,,
brooklyn,BROOKLYN,3,11-11894,1754,28,City,41061,ADJ. 782 MYRTLE AVENUE betw MARCY AVENUE & NOSTRAND AVENUE,,,,,,,,,,,,,,,,,,,,,,,,brooklyn,BROOKLYN,8,12-05286,1363,7,City,40938,177 BUFFALO AVENUE,40.673315,-73.924812,,,,,,,,,,,,,,,,,,,,,,,,,,,,,,,,,,,,,,,,,,,,,,,,,,
brooklyn,BROOKLYN,3,11-11894,1754,29,City,41061,ADJ. 782 MYRTLE AVENUE betw MARCY AVENUE & NOSTRAND AVENUE,,,,,,,,,,,,,,,,,,,,,,,,brooklyn,BROOKLYN,11,11-11844,6253,28,Private,41244,96 KINGS HIGHWAy,40.6060086,-73.9878123,,,,,,,,,,,,,,,,,,,,,,,,,,,,,,,,,,,,,,,,,,,,,,,,,,
brooklyn,BROOKLYN,3,11-11894,1754,30,City,41061,ADJ. 782 MYRTLE AVENUE betw MARCY AVENUE & NOSTRAND AVENUE,,,,,,,,,,,,,,,,,,,,,,,,brooklyn,BROOKLYN,11,11-11844,6253,29,Private,41244,98 KINGS HIGHWAy,41.1266989,-73.9988977,,,,,,,,,,,,,,,,,,,,,,,,,,,,,,,,,,,,,,,,,,,,,,,,,,
brooklyn,BROOKLYN,3,11-11894,1754,31,City,41061,ADJ. 782 MYRTLE AVENUE betw MARCY AVENUE & NOSTRAND AVENUE,,,,,,,,,,,,,,,,,,,,,,,,brooklyn,BROOKLYN,11,11-11844,6253,30,Private,41244,96 KINGS HIGHWAY,40.6060086,-73.9878123,,,,,,,,,,,,,,,,,,,,,,,,,,,,,,,,,,,,,,,,,,,,,,,,,,
brooklyn,BROOKLYN,3,11-11894,1754,32,City,41061,ADJ. 782 MYRTLE AVENUE betw MARCY AVENUE & NOSTRAND AVENUE,,,,,,,,,,,,,,,,,,,,,,,,brooklyn,BROOKLYN,11,11-11844,6253,32,Private,41244,96 KINGS HIGHWAY,40.6060086,-73.9878123,,,,,,,,,,,,,,,,,,,,,,,,,,,,,,,,,,,,,,,,,,,,,,,,,,
brooklyn,BROOKLYN,3,12-05180,1795,67,City,40934,BETWEEN 623 & 637 GREENE AVENUE,,,,,,,,,,,,,,,,,,,,,,,,brooklyn,BROOKLYN,11,11-11844,6253,33,Private,41244,96 KINGS HIGHWAY,40.6060086,-73.9878123,,,,,,,,,,,,,,,,,,,,,,,,,,,,,,,,,,,,,,,,,,,,,,,,,,
brooklyn,BROOKLYN,3,12-05180,1795,68,City,40934,BETWEEN 623 & 637 GREENE AVENUE,,,,,,,,,,,,,,,,,,,,,,,,brooklyn,BROOKLYN,16,11-11804,1432,48,City,41000,BETWEEN 2093 & 2099 PACIFIC STREET,40.677354,-73.944236,,,,,,,,,,,,,,,,,,,,,,,,,,,,,,,,,,,,,,,,,,,,,,,,,,
brooklyn,BROOKLYN,3,12-05180,1795,69,City,40934,BETWEEN 623 & 637 GREENE AVENUE,,,,,,,,,,,,,,,,,,,,,,,,brooklyn,BROOKLYN,16,11-11804,1432,49,City,41000,BETWEEN 2093 & 2099 PACIFIC STREET,40.677354,-73.954236,,,,,,,,,,,,,,,,,,,,,,,,,,,,,,,,,,,,,,,,,,,,,,,,,,
brooklyn,BROOKLYN,3,12-05180,1795,70,City,40934,BETWEEN 623 & 637 GREENE AVENUE,,,,,,,,,,,,,,,,,,,,,,,,brooklyn,BROOKLYN,16,11-11839,1446,1,City,41000,1881 BERGEN STREET,40.6746284,-73.918909,,,,,,,,,,,,,,,,,,,,,,,,,,,,,,,,,,,,,,,,,,,,,,,,,,
brooklyn,BROOKLYN,3,12-05180,1795,71,City,40934,BETWEEN 623 & 637 GREENE AVENUE,,,,,,,,,,,,,,,,,,,,,,,,brooklyn,BROOKLYN,16,12-05267,1447,14,City,40934,2160 DEAN STREET,40.674839,-73.915981,,,,,,,,,,,,,,,,,,,,,,,,,,,,,,,,,,,,,,,,,,,,,,,,,,
brooklyn,BROOKLYN,3,11-11854,1867,35,Private,41244,ADJ. 166 HERKIMER STREET betw NEW YORK AVENUE & NOSTRAND AVENUE,,,,,,,,,,,,,,,,,,,,,,,,brooklyn,BROOKLYN,16,12-05259,1447,20,City,40935,2180 DEAN STREET,40.674752,-73.915456,,,,,,,,,,,,,,,,,,,,,,,,,,,,,,,,,,,,,,,,,,,,,,,,,,
brooklyn,BROOKLYN,3,11-11880,1871,42,City,41183,ADJ. 446 HERKIMER STREET betw ALBANY AVENUE & KINGSTON AVENUE,,,,,,,,,,,,,,,,,,,,,,,,brooklyn,BROOKLYN,16,12-05204,1450,8,City,40933,2402 DEAN STREET,40.6743945,-73.9077136,,,,,,,,,,,,,,,,,,,,,,,,,,,,,,,,,,,,,,,,,,,,,,,,,,
brooklyn,BROOKLYN,3,11-11880,1871,43,City,41183,ADJ. 446 HERKIMER STREET betw ALBANY AVENUE & KINGSTON AVENUE,,,,,,,,,,,,,,,,,,,,,,,,brooklyn,BROOKLYN,16,12-05204,1450,9,City,40933,2402 DEAN STREET,40.6743945,-73.9177136,,,,,,,,,,,,,,,,,,,,,,,,,,,,,,,,,,,,,,,,,,,,,,,,,,
brooklyn,BROOKLYN,3,11-11947,1942,6,Private,40933,ADJ. 273 SKILLMAN STREET betw LAFAYETTE AVENUE & DE KALB AVENUE,,,,,,,,,,,,,,,,,,,,,,,,brooklyn,BROOKLYN,16,12-05204,1450,10,City,40933,2400 DEAN STREET,40.6743911,-73.9077732,,,,,,,,,,,,,,,,,,,,,,,,,,,,,,,,,,,,,,,,,,,,,,,,,,
brooklyn,BROOKLYN,3,11-11946,1942,9,Private,40933,ADJ. 267 SKILLMAN STREET betw LAFAYETTE AVENUE & DE KALB AVENUE,,,,,,,,,,,,,,,,,,,,,,,,brooklyn,BROOKLYN,16,12-05204,1450,11,City,40933,2405 DEAN STREET,40.6747682,-73.9075947,,,,,,,,,,,,,,,,,,,,,,,,,,,,,,,,,,,,,,,,,,,,,,,,,,
brooklyn,BROOKLYN,3,12-05328,1973,38,City,40939,ADJ. 96 QUINCY STREET betw FRANKLIN AVENUE & CLASSON AVENUE,,,,,,,,,,,,,,,,,,,,,,,,brooklyn,BROOKLYN,16,12-05257,1451,48,City,40934,1445 ST MARKS AVENUE,40.6737987,-73.9200687,,,,,,,,,,,,,,,,,,,,,,,,,,,,,,,,,,,,,,,,,,,,,,,,,,
brooklyn,BROOKLYN,4,12-05308,3232,42,City,40938,ADJ. 1280 MYRTLE AVENUE betw DE KALB AVENUE & CEDAR STREET,,,,,,,,,,,,,,,,,,,,,,,,brooklyn,BROOKLYN,16,12-05015,1458,52,City,41244,1750 PROSPECT PLACE,40.6724412,-73.9182804,,,,,,,,,,,,,,,,,,,,,,,,,,,,,,,,,,,,,,,,,,,,,,,,,,
brooklyn,BROOKLYN,4,12-05282,3285,71,City,40939,ADJ. 1177 GREENE AVENUE betw CENTRAL AVENUE & EVERGREEN AVENUE,,,,,,,,,,,,,,,,,,,,,,,,brooklyn,BROOKLYN,16,11-11778,1475,39,City,41030,ADJ. 1430 EASTERN PARKWAY betw LINCOLN PLACE & PITKIN AVENUE,40.6691672,-73.9306095,,,,,,,,,,,,,,,,,,,,,,,,,,,,,,,,,,,,,,,,,,,,,,,,,,
brooklyn,BROOKLYN,4,12-05283,3296,58,City,40938,ADJ. 105 BLEECKER STREET betw CENTRAL AVENUE & EVERGREEN AVENUE,,,,,,,,,,,,,,,,,,,,,,,,brooklyn,BROOKLYN,16,11-11778,1475,40,City,41030,ADJ. 1430 EASTERN PARKWAY betw LINCOLN PLACE & PITKIN AVENUE,40.6691672,-73.9206095,,,,,,,,,,,,,,,,,,,,,,,,,,,,,,,,,,,,,,,,,,,,,,,,,,
brooklyn,BROOKLYN,4,12-05284,3342,42,City,40938,BETWEEN 201 & 209 PALMETTO STREET,,,,,,,,,,,,,,,,,,,,,,,,brooklyn,BROOKLYN,16,11-11778,1475,41,City,41030,ADJ. 1430 EASTERN PARKWAY betw LINCOLN PLACE & PITKIN AVENUE,40.6691672,-73.9406095,,,,,,,,,,,,,,,,,,,,,,,,,,,,,,,,,,,,,,,,,,,,,,,,,,
brooklyn,BROOKLYN,4,12-05284,3342,43,City,40938,BETWEEN 201 & 209 PALMETTO STREET,,,,,,,,,,,,,,,,,,,,,,,,brooklyn,BROOKLYN,16,11-11778,1475,44,City,41030,ADJ. 1430 EASTERN PARKWAY betw LINCOLN PLACE & PITKIN AVENUE,40.6691672,-73.9326095,,,,,,,,,,,,,,,,,,,,,,,,,,,,,,,,,,,,,,,,,,,,,,,,,,
brooklyn,BROOKLYN,4,12-05252,3387,1,City,40939,ADJ. 1036 JEFFERSON AVENUE betw BUSHWICK AVENUE & NYCTA SUBWAY,,,,,,,,,,,,,,,,,,,,,,,,brooklyn,BROOKLYN,16,11-11778,1475,45,City,41030,ADJ. 1430 EASTERN PARKWAY betw LINCOLN PLACE & PITKIN AVENUE,40.6691672,-73.9308095,,,,,,,,,,,,,,,,,,,,,,,,,,,,,,,,,,,,,,,,,,,,,,,,,,
brooklyn,BROOKLYN,4,11-11571,3434,42,Private,41153,BETWEEN 1150 & 1146 DECATUR STREET,,,,,,,,,,,,,,,,,,,,,,,,brooklyn,BROOKLYN,16,11-11761,1476,34,City,40969,1301 EAST NEW YORK AVENUE,40.6687172,-73.9192926,,,,,,,,,,,,,,,,,,,,,,,,,,,,,,,,,,,,,,,,,,,,,,,,,,
brooklyn,BROOKLYN,5,11-11703,3680,29,City,41214,ADJ. 1766 EAST NEW YORK AVENUE betw NYCTA SUBWAY & VAN SINDEREN AVENUE,,,,,,,,,,,,,,,,,,,,,,,,brooklyn,BROOKLYN,16,12-05256,1537,1,City,40935,2017 FULTON STREET,40.678633,-73.913868,,,,,,,,,,,,,,,,,,,,,,,,,,,,,,,,,,,,,,,,,,,,,,,,,,
brooklyn,BROOKLYN,5,11-11703,3680,129,City,41214,ADJ. 1766 EAST NEW YORK AVENUE betw NYCTA SUBWAY & VAN SINDEREN AVENUE,,,,,,,,,,,,,,,,,,,,,,,,brooklyn,BROOKLYN,16,11-11593,3493,18,Private,41061,1841 STRAUSS STREET,40.6690724,-73.9162602,,,,,,,,,,,,,,,,,,,,,,,,,,,,,,,,,,,,,,,,,,,,,,,,,,
brooklyn,BROOKLYN,5,11-11449,3722,114,Private,41244,ADJ. 424 GLENMORE AVENUE betw VERMONT STREET & NEW JERSEY AVENUE,,,,,,,,,,,,,,,,,,,,,,,,brooklyn,BROOKLYN,16,12-05016,3602,44,City,40921,785 ROCKAWAY AVENUE,40.660492,-73.908074,,,,,,,,,,,,,,,,,,,,,,,,,,,,,,,,,,,,,,,,,,,,,,,,,,
brooklyn,BROOKLYN,5,12-05200,3725,12,City,40934,ADJ. 488 GLENMORE AVENUE betw MILLER AVENUE & BRADFORD STREET,,,,,,,,,,,,,,,,,,,,,,,,brooklyn,BROOKLYN,16,11-11668,3612,5,Private,41030,BETWEEN 97 & 101 LOTT AVENUE,40.601115,-73.985708,,,,,,,,,,,,,,,,,,,,,,,,,,,,,,,,,,,,,,,,,,,,,,,,,,
brooklyn,BROOKLYN,5,12-05200,3725,13,City,40934,ADJ. 488 GLENMORE AVENUE betw MILLER AVENUE & BRADFORD STREET,,,,,,,,,,,,,,,,,,,,,,,,brooklyn,BROOKLYN,16,12-05205,3677,1,City,40933,188 SACKMAN STREET,40.673482,-73.906186,,,,,,,,,,,,,,,,,,,,,,,,,,,,,,,,,,,,,,,,,,,,,,,,,,
brooklyn,BROOKLYN,5,12-05191,3820,123,City,40939,ADJ. 491 ALABAMA AVENUE betw RIVERDALE AVENUE & NYCTA SUBWAY,,,,,,,,,,,,,,,,,,,,,,,,brooklyn,BROOKLYN,16,12-05205,3677,2,City,40933,190 SACKMAN STREET,40.673429,-73.906172,,,,,,,,,,,,,,,,,,,,,,,,,,,,,,,,,,,,,,,,,,,,,,,,,,
brooklyn,BROOKLYN,5,12-05067,3865,24,City,40927,ADJ. 719 VAN SINDEREN AVENUE betw LINDEN BOULEVARD & NEW LOTS AVENUE,,,,,,,,,,,,,,,,,,,,,,,,brooklyn,BROOKLYN,16,12-05205,3677,3,City,40933,192 SACKMAN STREET,40.6734034,-73.9061416,,,,,,,,,,,,,,,,,,,,,,,,,,,,,,,,,,,,,,,,,,,,,,,,,,
brooklyn,BROOKLYN,5,12-05067,3865,25,City,40927,ADJ. 719 VAN SINDEREN AVENUE betw LINDEN BOULEVARD & NEW LOTS AVENUE,,,,,,,,,,,,,,,,,,,,,,,,brooklyn,BROOKLYN,16,12-05205,3677,4,City,40933,194 SACKMAN STREET,40.6733859,-73.9060601,,,,,,,,,,,,,,,,,,,,,,,,,,,,,,,,,,,,,,,,,,,,,,,,,,
brooklyn,BROOKLYN,5,12-05067,3865,26,City,40927,ADJ. 719 VAN SINDEREN AVENUE betw LINDEN BOULEVARD & NEW LOTS AVENUE,,,,,,,,,,,,,,,,,,,,,,,,brooklyn,BROOKLYN,16,12-05205,3677,5,City,40933,195 SACKMAN STREET,40.6733364,-73.9055732,,,,,,,,,,,,,,,,,,,,,,,,,,,,,,,,,,,,,,,,,,,,,,,,,,
brooklyn,BROOKLYN,5,12-05067,3865,27,City,40927,ADJ. 719 VAN SINDEREN AVENUE betw LINDEN BOULEVARD & NEW LOTS AVENUE,,,,,,,,,,,,,,,,,,,,,,,,brooklyn,BROOKLYN,16,12-05205,3677,6,City,40933,196 SACKMAN STREET,40.6733144,-73.9061172,,,,,,,,,,,,,,,,,,,,,,,,,,,,,,,,,,,,,,,,,,,,,,,,,,
brooklyn,BROOKLYN,5,12-05041,3866,41,City,40932,BETWEEN 644 & 638 HINSDALE STREET,,,,,,,,,,,,,,,,,,,,,,,,brooklyn,BROOKLYN,16,12-05205,3677,7,City,40933,197 SACKMAN STREET,40.6732885,-73.9055601,,,,,,,,,,,,,,,,,,,,,,,,,,,,,,,,,,,,,,,,,,,,,,,,,,
brooklyn,BROOKLYN,5,12-05042,3866,68,City,41214,ADJ. 1747 LINDEN BOULEVARD betw HINSDALE STREET & SNEDIKER AVENUE,,,,,,,,,,,,,,,,,,,,,,,,brooklyn,BROOKLYN,16,12-05205,3677,9,City,40933,198 SACKMAN STREET,40.6732545,-73.9061008,,,,,,,,,,,,,,,,,,,,,,,,,,,,,,,,,,,,,,,,,,,,,,,,,,
brooklyn,BROOKLYN,5,12-05043,3992,45,City,41214,OPPOSITE OF 868A GLENMORE AVENUE betw MILFORD STREET & MONTAUK AVENUE,,,,,,,,,,,,,,,,,,,,,,,,brooklyn,BROOKLYN,16,12-05205,3677,10,City,40933,200 SACKMAN STREET,40.6731946,-73.9060845,,,,,,,,,,,,,,,,,,,,,,,,,,,,,,,,,,,,,,,,,,,,,,,,,,
brooklyn,BROOKLYN,5,12-05044,4000,3,City,41214,ADJ. 335 ASHFORD STREET betw PITKIN AVENUE & GLENMORE AVENUE,,,,,,,,,,,,,,,,,,,,,,,,brooklyn,BROOKLYN,16,12-05187,3693,22,City,40932,116 LIBERTY AVENUE,40.672759,-73.906098,,,,,,,,,,,,,,,,,,,,,,,,,,,,,,,,,,,,,,,,,,,,,,,,,,
brooklyn,BROOKLYN,5,11-11958,4050,22,City,41183,ADJ. 582 LINWOOD STREET betw BLAKE AVENUE & SUTTER AVENUE,,,,,,,,,,,,,,,,,,,,,,,,brooklyn,BROOKLYN,16,12-05187,3693,23,City,40932,118 LIBERTY AVENUE,40.672759,-73.916098,,,,,,,,,,,,,,,,,,,,,,,,,,,,,,,,,,,,,,,,,,,,,,,,,,
brooklyn,BROOKLYN,5,12-05092,4067,12,City,40926,ADJ. 661 LINWOOD STREET betw DUMONT AVENUE & BLAKE AVENUE,,,,,,,,,,,,,,,,,,,,,,,,brooklyn,BROOKLYN,16,12-05188,3709,16,City,40932,160 GLENMORE AVENUE,40.671688,-73.904846,,,,,,,,,,,,,,,,,,,,,,,,,,,,,,,,,,,,,,,,,,,,,,,,,,
brooklyn,BROOKLYN,5,11-11968,4074,39,City,41183,ADJ. 779 LIVONIA AVENUE betw HENDRIX STREET & VAN SICLEN AVENUE,,,,,,,,,,,,,,,,,,,,,,,,brooklyn,BROOKLYN,16,12-05188,3709,17,City,40932,162 GLENMORE AVENUE,40.671698,-73.904779,,,,,,,,,,,,,,,,,,,,,,,,,,,,,,,,,,,,,,,,,,,,,,,,,,
brooklyn,BROOKLYN,5,11-11950,4078,11,City,41061,BETWEEN 577 & 583 JEROME STREET,,,,,,,,,,,,,,,,,,,,,,,,brooklyn,BROOKLYN,16,12-05182,3813,115,City,40932,470 POWELL STREET,40.6627782,-73.9024659,,,,,,,,,,,,,,,,,,,,,,,,,,,,,,,,,,,,,,,,,,,,,,,,,,
brooklyn,BROOKLYN,5,11-11969,4081,23,City,41183,BETWEEN 982 & 976 DUMONT AVENUE,,,,,,,,,,,,,,,,,,,,,,,,brooklyn,BROOKLYN,16,12-05185,3855,40,City,40933,41 NEW LOTS AVENUE,40.6574137,-73.9035338,,,,,,,,,,,,,,,,,,,,,,,,,,,,,,,,,,,,,,,,,,,,,,,,,,
brooklyn,BROOKLYN,5,11-11970,4083,29,Private,40932,ADJ. 823 NEW LOTS AVENUE betw ESSEX STREET & LINWOOD STREET,,,,,,,,,,,,,,,,,,,,,,,,brooklyn,BROOKLYN,17,11-11663,5084,49,Private,41061,194 LENOX ROAD,40.653645,-73.953189,,,,,,,,,,,,,,,,,,,,,,,,,,,,,,,,,,,,,,,,,,,,,,,,,,
brooklyn,BROOKLYN,5,12-05046,4092,1,Private,40933,ADJ. 607 JEROME STREET betw NEW LOTS AVENUE & NYCTA SUBWAY,,,,,,,,,,,,,,,,,,,,,,,,brooklyn,BROOKLYN,17,11-11663,5084,51,Private,41061,196 LENOX ROAD,40.6536877,-73.9531685,,,,,,,,,,,,,,,,,,,,,,,,,,,,,,,,,,,,,,,,,,,,,,,,,,
brooklyn,BROOKLYN,5,12-05046,4092,2,Private,40933,ADJ. 607 JEROME STREET betw NEW LOTS AVENUE & NYCTA SUBWAY,,,,,,,,,,,,,,,,,,,,,,,,brooklyn,BROOKLYN,18,11-11676,7824,9,Private,41030,4407 AVENUE L,40.623422,-73.932848,,,,,,,,,,,,,,,,,,,,,,,,,,,,,,,,,,,,,,,,,,,,,,,,,,
brooklyn,BROOKLYN,5,12-05046,4092,3,Private,40933,ADJ. 607 JEROME STREET betw NEW LOTS AVENUE & NYCTA SUBWAY,,,,,,,,,,,,,,,,,,,,,,,,,,,,,,,,,,,,,,,,,,,,,,,,,,,,,,,,,,,,,,,,,,,,,,,,,,,,,,,,,,,,
brooklyn,BROOKLYN,5,12-05162,4142,32,City,40933,OPPOSITE OF 85 DINSMORE PLACE betw CHESTNUT STREET & RICHMOND STREET,,,,,,,,,,,,,,,,,,,,,,,,,,,,,,,,,,,,,,,,,,,,,,,,,,,,,,,,,,,,,,,,,,,,,,,,,,,,,,,,,,,,
brooklyn,BROOKLYN,5,11-11922,4223,6,City,41183,NEAR 553 GRANT AVENUE betw PITKIN AVENUE & GLENMORE AVENUE,,,,,,,,,,,,,,,,,,,,,,,,,,,,,,,,,,,,,,,,,,,,,,,,,,,,,,,,,,,,,,,,,,,,,,,,,,,,,,,,,,,,
brooklyn,BROOKLYN,5,11-11923,4258,1,City,41061,REAR OF 338 FORBELL STREET betw SUTTER AVENUE & CONDUIT BOULEVARD,,,,,,,,,,,,,,,,,,,,,,,,,,,,,,,,,,,,,,,,,,,,,,,,,,,,,,,,,,,,,,,,,,,,,,,,,,,,,,,,,,,,
brooklyn,BROOKLYN,5,11-11924,4259,6,City,41153,REAR OF 1483 SUTTER AVENUE betw DREW STREET & FORBELL STREET,,,,,,,,,,,,,,,,,,,,,,,,,,,,,,,,,,,,,,,,,,,,,,,,,,,,,,,,,,,,,,,,,,,,,,,,,,,,,,,,,,,,
brooklyn,BROOKLYN,5,11-11926,4276,35,Private,40933,REAR OF 673 DREW STREET betw BLAKE AVENUE & SUTTER AVENUE,,,,,,,,,,,,,,,,,,,,,,,,,,,,,,,,,,,,,,,,,,,,,,,,,,,,,,,,,,,,,,,,,,,,,,,,,,,,,,,,,,,,
brooklyn,BROOKLYN,5,11-11926,4276,40,Private,40933,REAR OF 673 DREW STREET betw BLAKE AVENUE & SUTTER AVENUE,,,,,,,,,,,,,,,,,,,,,,,,,,,,,,,,,,,,,,,,,,,,,,,,,,,,,,,,,,,,,,,,,,,,,,,,,,,,,,,,,,,,
brooklyn,BROOKLYN,5,11-11926,4276,43,Private,40933,REAR OF 673 DREW STREET betw BLAKE AVENUE & SUTTER AVENUE,,,,,,,,,,,,,,,,,,,,,,,,,,,,,,,,,,,,,,,,,,,,,,,,,,,,,,,,,,,,,,,,,,,,,,,,,,,,,,,,,,,,
brooklyn,BROOKLYN,5,11-11926,4276,44,Private,40933,REAR OF 673 DREW STREET betw BLAKE AVENUE & SUTTER AVENUE,,,,,,,,,,,,,,,,,,,,,,,,,,,,,,,,,,,,,,,,,,,,,,,,,,,,,,,,,,,,,,,,,,,,,,,,,,,,,,,,,,,,
brooklyn,BROOKLYN,5,11-11787,4290,30,Private,41153,OPPOSITE OF 1469 BLAKE AVENUE betw DREW STREET & FORBELL STREET,,,,,,,,,,,,,,,,,,,,,,,,,,,,,,,,,,,,,,,,,,,,,,,,,,,,,,,,,,,,,,,,,,,,,,,,,,,,,,,,,,,,
brooklyn,BROOKLYN,5,11-11955,4309,1,City,41153,ADJ. 745 BARBEY STREET betw HEGEMAN AVENUE & MC CLANCY PLACE,,,,,,,,,,,,,,,,,,,,,,,,,,,,,,,,,,,,,,,,,,,,,,,,,,,,,,,,,,,,,,,,,,,,,,,,,,,,,,,,,,,,
brooklyn,BROOKLYN,5,11-11956,4309,19,Private,40928,ADJ. 682 JEROME STREET betw HEGEMAN AVENUE & MC CLANCY PLACE,,,,,,,,,,,,,,,,,,,,,,,,,,,,,,,,,,,,,,,,,,,,,,,,,,,,,,,,,,,,,,,,,,,,,,,,,,,,,,,,,,,,
brooklyn,BROOKLYN,5,11-11955,4309,46,City,41153,ADJ. 745 BARBEY STREET betw HEGEMAN AVENUE & MC CLANCY PLACE,,,,,,,,,,,,,,,,,,,,,,,,,,,,,,,,,,,,,,,,,,,,,,,,,,,,,,,,,,,,,,,,,,,,,,,,,,,,,,,,,,,,
brooklyn,BROOKLYN,5,11-11954,4313,6,City,41153,OPPOSITE OF 767 NEW LOTS AVENUE betw ELTON STREET & NYCTA SUBWAY,,,,,,,,,,,,,,,,,,,,,,,,,,,,,,,,,,,,,,,,,,,,,,,,,,,,,,,,,,,,,,,,,,,,,,,,,,,,,,,,,,,,
brooklyn,BROOKLYN,5,11-11951,4348,48,City,41061,ADJ. 879 NEW JERSEY AVENUE betw STANLEY AVENUE & LINDEN BOULEVARD,,,,,,,,,,,,,,,,,,,,,,,,,,,,,,,,,,,,,,,,,,,,,,,,,,,,,,,,,,,,,,,,,,,,,,,,,,,,,,,,,,,,
brooklyn,BROOKLYN,5,11-11951,4348,50,City,41061,ADJ. 879 NEW JERSEY AVENUE betw STANLEY AVENUE & LINDEN BOULEVARD,,,,,,,,,,,,,,,,,,,,,,,,,,,,,,,,,,,,,,,,,,,,,,,,,,,,,,,,,,,,,,,,,,,,,,,,,,,,,,,,,,,,
brooklyn,BROOKLYN,5,12-05195,4448,1,City,40935,OPPOSITE OF 12441 FLATLANDS AVENUE betw ELTON STREET & ASHFORD STREET,,,,,,,,,,,,,,,,,,,,,,,,,,,,,,,,,,,,,,,,,,,,,,,,,,,,,,,,,,,,,,,,,,,,,,,,,,,,,,,,,,,,
brooklyn,BROOKLYN,5,11-11788,4472,52,Private,41183,ADJ. 479 RUBY STREET betw LINDEN BOULEVARD & 135 AVENUE,,,,,,,,,,,,,,,,,,,,,,,,,,,,,,,,,,,,,,,,,,,,,,,,,,,,,,,,,,,,,,,,,,,,,,,,,,,,,,,,,,,,
brooklyn,BROOKLYN,5,12-05237,4548,112,City,40934,OPPOSITE OF 1013 HEMLOCK STREET betw AUTUMN LANE & WORTMAN AVENUE,,,,,,,,,,,,,,,,,,,,,,,,,,,,,,,,,,,,,,,,,,,,,,,,,,,,,,,,,,,,,,,,,,,,,,,,,,,,,,,,,,,,
brooklyn,BROOKLYN,5,12-05234,4551,1,City,40935,NEAR 987 LINCOLN AVENUE betw WORTMAN AVENUE & STANLEY AVENUE,,,,,,,,,,,,,,,,,,,,,,,,,,,,,,,,,,,,,,,,,,,,,,,,,,,,,,,,,,,,,,,,,,,,,,,,,,,,,,,,,,,,
brooklyn,BROOKLYN,5,12-05236,4569,1,City,40934,OPPOSITE OF 1145 GRANT AVENUE betw FLATLANDS AVENUE & COZINE AVENUE,,,,,,,,,,,,,,,,,,,,,,,,,,,,,,,,,,,,,,,,,,,,,,,,,,,,,,,,,,,,,,,,,,,,,,,,,,,,,,,,,,,,
brooklyn,BROOKLYN,6,11-11559,357,36,City,41061,ADJ. 296 COLUMBIA STREET betw WOODHULL STREET & SUMMIT STREET,,,,,,,,,,,,,,,,,,,,,,,,,,,,,,,,,,,,,,,,,,,,,,,,,,,,,,,,,,,,,,,,,,,,,,,,,,,,,,,,,,,,
brooklyn,BROOKLYN,8,11-11929,1126,7,Private,40934,ADJ. 619 CLASSON AVENUE betw PACIFIC STREET & ATLANTIC AVENUE,,,,,,,,,,,,,,,,,,,,,,,,,,,,,,,,,,,,,,,,,,,,,,,,,,,,,,,,,,,,,,,,,,,,,,,,,,,,,,,,,,,,
brooklyn,BROOKLYN,8,12-05056,1343,3,Private,40938,85 UTICA AVENUE betw PACIFIC STREET & DEAN STREET,,,,,,,,,,,,,,,,,,,,,,,,,,,,,,,,,,,,,,,,,,,,,,,,,,,,,,,,,,,,,,,,,,,,,,,,,,,,,,,,,,,,
brooklyn,BROOKLYN,8,12-05286,1363,7,City,40938,ADJ. 177 BUFFALO AVENUE betw PROSPECT PLACE & ST MARK'S AVENUE,,,,,,,,,,,,,,,,,,,,,,,,,,,,,,,,,,,,,,,,,,,,,,,,,,,,,,,,,,,,,,,,,,,,,,,,,,,,,,,,,,,,
brooklyn,BROOKLYN,11,11-11844,6253,28,Private,41244,NEAR 96 KINGS HIGHWAY betw STILLWELL AVENUE & 78 STREET,,,,,,,,,,,,,,,,,,,,,,,,,,,,,,,,,,,,,,,,,,,,,,,,,,,,,,,,,,,,,,,,,,,,,,,,,,,,,,,,,,,,
brooklyn,BROOKLYN,11,11-11844,6253,29,Private,41244,NEAR 96 KINGS HIGHWAY betw STILLWELL AVENUE & 78 STREET,,,,,,,,,,,,,,,,,,,,,,,,,,,,,,,,,,,,,,,,,,,,,,,,,,,,,,,,,,,,,,,,,,,,,,,,,,,,,,,,,,,,
brooklyn,BROOKLYN,11,11-11844,6253,30,Private,41244,NEAR 96 KINGS HIGHWAY betw STILLWELL AVENUE & 78 STREET,,,,,,,,,,,,,,,,,,,,,,,,,,,,,,,,,,,,,,,,,,,,,,,,,,,,,,,,,,,,,,,,,,,,,,,,,,,,,,,,,,,,
brooklyn,BROOKLYN,11,11-11844,6253,32,Private,41244,NEAR 96 KINGS HIGHWAY betw STILLWELL AVENUE & 78 STREET,,,,,,,,,,,,,,,,,,,,,,,,,,,,,,,,,,,,,,,,,,,,,,,,,,,,,,,,,,,,,,,,,,,,,,,,,,,,,,,,,,,,
brooklyn,BROOKLYN,11,11-11844,6253,33,Private,41244,NEAR 96 KINGS HIGHWAY betw STILLWELL AVENUE & 78 STREET,,,,,,,,,,,,,,,,,,,,,,,,,,,,,,,,,,,,,,,,,,,,,,,,,,,,,,,,,,,,,,,,,,,,,,,,,,,,,,,,,,,,
brooklyn,BROOKLYN,16,11-11804,1432,48,City,41000,BETWEEN 2093 & 2099 PACIFIC STREET,,,,,,,,,,,,,,,,,,,,,,,,,,,,,,,,,,,,,,,,,,,,,,,,,,,,,,,,,,,,,,,,,,,,,,,,,,,,,,,,,,,,
brooklyn,BROOKLYN,16,11-11804,1432,49,City,41000,BETWEEN 2093 & 2099 PACIFIC STREET,,,,,,,,,,,,,,,,,,,,,,,,,,,,,,,,,,,,,,,,,,,,,,,,,,,,,,,,,,,,,,,,,,,,,,,,,,,,,,,,,,,,
brooklyn,BROOKLYN,16,11-11839,1446,1,City,41000,ADJ. 1881 BERGEN STREET betw SARATOGA AVENUE & HOWARD AVENUE,,,,,,,,,,,,,,,,,,,,,,,,,,,,,,,,,,,,,,,,,,,,,,,,,,,,,,,,,,,,,,,,,,,,,,,,,,,,,,,,,,,,
brooklyn,BROOKLYN,16,12-05267,1447,14,City,40934,ADJ. 2160 DEAN STREET betw THOMAS S BOYLAND STREET & SARATOGA AVENUE,,,,,,,,,,,,,,,,,,,,,,,,,,,,,,,,,,,,,,,,,,,,,,,,,,,,,,,,,,,,,,,,,,,,,,,,,,,,,,,,,,,,
brooklyn,BROOKLYN,16,12-05259,1447,20,City,40935,ADJ. 2180 DEAN STREET betw THOMAS S BOYLAND STREET & SARATOGA AVENUE,,,,,,,,,,,,,,,,,,,,,,,,,,,,,,,,,,,,,,,,,,,,,,,,,,,,,,,,,,,,,,,,,,,,,,,,,,,,,,,,,,,,
brooklyn,BROOKLYN,16,12-05204,1450,8,City,40933,ADJ. 2402 DEAN STREET betw SACKMAN STREET & MOTHER GASTON BOULEVARD,,,,,,,,,,,,,,,,,,,,,,,,,,,,,,,,,,,,,,,,,,,,,,,,,,,,,,,,,,,,,,,,,,,,,,,,,,,,,,,,,,,,
brooklyn,BROOKLYN,16,12-05204,1450,9,City,40933,ADJ. 2402 DEAN STREET betw SACKMAN STREET & MOTHER GASTON BOULEVARD,,,,,,,,,,,,,,,,,,,,,,,,,,,,,,,,,,,,,,,,,,,,,,,,,,,,,,,,,,,,,,,,,,,,,,,,,,,,,,,,,,,,
brooklyn,BROOKLYN,16,12-05204,1450,10,City,40933,ADJ. 2402 DEAN STREET betw SACKMAN STREET & MOTHER GASTON BOULEVARD,,,,,,,,,,,,,,,,,,,,,,,,,,,,,,,,,,,,,,,,,,,,,,,,,,,,,,,,,,,,,,,,,,,,,,,,,,,,,,,,,,,,
brooklyn,BROOKLYN,16,12-05204,1450,11,City,40933,ADJ. 2402 DEAN STREET betw SACKMAN STREET & MOTHER GASTON BOULEVARD,,,,,,,,,,,,,,,,,,,,,,,,,,,,,,,,,,,,,,,,,,,,,,,,,,,,,,,,,,,,,,,,,,,,,,,,,,,,,,,,,,,,
brooklyn,BROOKLYN,16,12-05257,1451,48,City,40934,ADJ. 1445 ST MARKS AVENUE betw HOWARD AVENUE & RALPH AVENUE,,,,,,,,,,,,,,,,,,,,,,,,,,,,,,,,,,,,,,,,,,,,,,,,,,,,,,,,,,,,,,,,,,,,,,,,,,,,,,,,,,,,
brooklyn,BROOKLYN,16,12-05015,1458,52,City,41244,OPPOSITE OF 1750 PROSPECT PLACE betw SARATOGA AVENUE & HOWARD AVENUE,,,,,,,,,,,,,,,,,,,,,,,,,,,,,,,,,,,,,,,,,,,,,,,,,,,,,,,,,,,,,,,,,,,,,,,,,,,,,,,,,,,,
brooklyn,BROOKLYN,16,11-11778,1475,39,City,41030,ADJ. 1430 EASTERN PARKWAY betw LINCOLN PLACE & PITKIN AVENUE,,,,,,,,,,,,,,,,,,,,,,,,,,,,,,,,,,,,,,,,,,,,,,,,,,,,,,,,,,,,,,,,,,,,,,,,,,,,,,,,,,,,
brooklyn,BROOKLYN,16,11-11778,1475,40,City,41030,ADJ. 1430 EASTERN PARKWAY betw LINCOLN PLACE & PITKIN AVENUE,,,,,,,,,,,,,,,,,,,,,,,,,,,,,,,,,,,,,,,,,,,,,,,,,,,,,,,,,,,,,,,,,,,,,,,,,,,,,,,,,,,,
brooklyn,BROOKLYN,16,11-11778,1475,41,City,41030,ADJ. 1430 EASTERN PARKWAY betw LINCOLN PLACE & PITKIN AVENUE,,,,,,,,,,,,,,,,,,,,,,,,,,,,,,,,,,,,,,,,,,,,,,,,,,,,,,,,,,,,,,,,,,,,,,,,,,,,,,,,,,,,
brooklyn,BROOKLYN,16,11-11778,1475,44,City,41030,ADJ. 1430 EASTERN PARKWAY betw LINCOLN PLACE & PITKIN AVENUE,,,,,,,,,,,,,,,,,,,,,,,,,,,,,,,,,,,,,,,,,,,,,,,,,,,,,,,,,,,,,,,,,,,,,,,,,,,,,,,,,,,,
brooklyn,BROOKLYN,16,11-11778,1475,45,City,41030,ADJ. 1430 EASTERN PARKWAY betw LINCOLN PLACE & PITKIN AVENUE,,,,,,,,,,,,,,,,,,,,,,,,,,,,,,,,,,,,,,,,,,,,,,,,,,,,,,,,,,,,,,,,,,,,,,,,,,,,,,,,,,,,
brooklyn,BROOKLYN,16,11-11761,1476,34,City,40969,ADJ. 1301 EAST NEW YORK AVENUE betw LINCOLN PLACE & GRAFTON STREET,,,,,,,,,,,,,,,,,,,,,,,,,,,,,,,,,,,,,,,,,,,,,,,,,,,,,,,,,,,,,,,,,,,,,,,,,,,,,,,,,,,,
brooklyn,BROOKLYN,16,12-05256,1537,1,City,40935,ADJ. 2017 FULTON STREET betw THOMAS S BOYLAND STREET & SARATOGA AVENUE,,,,,,,,,,,,,,,,,,,,,,,,,,,,,,,,,,,,,,,,,,,,,,,,,,,,,,,,,,,,,,,,,,,,,,,,,,,,,,,,,,,,
brooklyn,BROOKLYN,16,11-11593,3493,18,Private,41061,OPPOSITE OF 1841 STRAUSS STREET betw PITKIN AVENUE & ST JOHN'S PLACE,,,,,,,,,,,,,,,,,,,,,,,,,,,,,,,,,,,,,,,,,,,,,,,,,,,,,,,,,,,,,,,,,,,,,,,,,,,,,,,,,,,,
brooklyn,BROOKLYN,16,12-05016,3602,44,City,40921,OPPOSITE OF 785 ROCKAWAY AVENUE betw NEWPORT STREET & RIVERDALE AVENUE,,,,,,,,,,,,,,,,,,,,,,,,,,,,,,,,,,,,,,,,,,,,,,,,,,,,,,,,,,,,,,,,,,,,,,,,,,,,,,,,,,,,
brooklyn,BROOKLYN,16,11-11668,3612,5,Private,41030,BETWEEN 97 & 101 LOTT AVENUE,,,,,,,,,,,,,,,,,,,,,,,,,,,,,,,,,,,,,,,,,,,,,,,,,,,,,,,,,,,,,,,,,,,,,,,,,,,,,,,,,,,,
brooklyn,BROOKLYN,16,12-05205,3677,1,City,40933,OPPOSITE OF 194 SACKMAN STREET betw LIBERTY AVENUE & EAST NEW YORK AVENUE,,,,,,,,,,,,,,,,,,,,,,,,,,,,,,,,,,,,,,,,,,,,,,,,,,,,,,,,,,,,,,,,,,,,,,,,,,,,,,,,,,,,
brooklyn,BROOKLYN,16,12-05205,3677,2,City,40933,OPPOSITE OF 194 SACKMAN STREET betw LIBERTY AVENUE & EAST NEW YORK AVENUE,,,,,,,,,,,,,,,,,,,,,,,,,,,,,,,,,,,,,,,,,,,,,,,,,,,,,,,,,,,,,,,,,,,,,,,,,,,,,,,,,,,,
brooklyn,BROOKLYN,16,12-05205,3677,3,City,40933,OPPOSITE OF 194 SACKMAN STREET betw LIBERTY AVENUE & EAST NEW YORK AVENUE,,,,,,,,,,,,,,,,,,,,,,,,,,,,,,,,,,,,,,,,,,,,,,,,,,,,,,,,,,,,,,,,,,,,,,,,,,,,,,,,,,,,
brooklyn,BROOKLYN,16,12-05205,3677,4,City,40933,OPPOSITE OF 194 SACKMAN STREET betw LIBERTY AVENUE & EAST NEW YORK AVENUE,,,,,,,,,,,,,,,,,,,,,,,,,,,,,,,,,,,,,,,,,,,,,,,,,,,,,,,,,,,,,,,,,,,,,,,,,,,,,,,,,,,,
brooklyn,BROOKLYN,16,12-05205,3677,5,City,40933,OPPOSITE OF 194 SACKMAN STREET betw LIBERTY AVENUE & EAST NEW YORK AVENUE,,,,,,,,,,,,,,,,,,,,,,,,,,,,,,,,,,,,,,,,,,,,,,,,,,,,,,,,,,,,,,,,,,,,,,,,,,,,,,,,,,,,
brooklyn,BROOKLYN,16,12-05205,3677,6,City,40933,OPPOSITE OF 194 SACKMAN STREET betw LIBERTY AVENUE & EAST NEW YORK AVENUE,,,,,,,,,,,,,,,,,,,,,,,,,,,,,,,,,,,,,,,,,,,,,,,,,,,,,,,,,,,,,,,,,,,,,,,,,,,,,,,,,,,,
brooklyn,BROOKLYN,16,12-05205,3677,7,City,40933,OPPOSITE OF 194 SACKMAN STREET betw LIBERTY AVENUE & EAST NEW YORK AVENUE,,,,,,,,,,,,,,,,,,,,,,,,,,,,,,,,,,,,,,,,,,,,,,,,,,,,,,,,,,,,,,,,,,,,,,,,,,,,,,,,,,,,
brooklyn,BROOKLYN,16,12-05205,3677,9,City,40933,OPPOSITE OF 194 SACKMAN STREET betw LIBERTY AVENUE & EAST NEW YORK AVENUE,,,,,,,,,,,,,,,,,,,,,,,,,,,,,,,,,,,,,,,,,,,,,,,,,,,,,,,,,,,,,,,,,,,,,,,,,,,,,,,,,,,,
brooklyn,BROOKLYN,16,12-05205,3677,10,City,40933,OPPOSITE OF 194 SACKMAN STREET betw LIBERTY AVENUE & EAST NEW YORK AVENUE,,,,,,,,,,,,,,,,,,,,,,,,,,,,,,,,,,,,,,,,,,,,,,,,,,,,,,,,,,,,,,,,,,,,,,,,,,,,,,,,,,,,
brooklyn,BROOKLYN,16,12-05187,3693,22,City,40932,ADJ. 116 LIBERTY AVENUE betw SACKMAN STREET & CHRISTOPHER AVENUE,,,,,,,,,,,,,,,,,,,,,,,,,,,,,,,,,,,,,,,,,,,,,,,,,,,,,,,,,,,,,,,,,,,,,,,,,,,,,,,,,,,,
brooklyn,BROOKLYN,16,12-05187,3693,23,City,40932,ADJ. 116 LIBERTY AVENUE betw SACKMAN STREET & CHRISTOPHER AVENUE,,,,,,,,,,,,,,,,,,,,,,,,,,,,,,,,,,,,,,,,,,,,,,,,,,,,,,,,,,,,,,,,,,,,,,,,,,,,,,,,,,,,
brooklyn,BROOKLYN,16,12-05188,3709,16,City,40932,ADJ. 160 GLENMORE AVENUE,,,,,,,,,,,,,,,,,,,,,,,,,,,,,,,,,,,,,,,,,,,,,,,,,,,,,,,,,,,,,,,,,,,,,,,,,,,,,,,,,,,,
brooklyn,BROOKLYN,16,12-05188,3709,17,City,40932,ADJ. 160 GLENMORE AVENUE,,,,,,,,,,,,,,,,,,,,,,,,,,,,,,,,,,,,,,,,,,,,,,,,,,,,,,,,,,,,,,,,,,,,,,,,,,,,,,,,,,,,
brooklyn,BROOKLYN,16,12-05182,3813,115,City,40932,ADJ. 470 POWELL STREET betw RIVERDALE AVENUE & NYCTA SUBWAY,,,,,,,,,,,,,,,,,,,,,,,,,,,,,,,,,,,,,,,,,,,,,,,,,,,,,,,,,,,,,,,,,,,,,,,,,,,,,,,,,,,,
brooklyn,BROOKLYN,16,12-05185,3855,40,City,40933,ADJ. 41 NEW LOTS AVENUE betw CHRISTOPHER AVENUE & MOTHER GASTON BOULEVARD,,,,,,,,,,,,,,,,,,,,,,,,,,,,,,,,,,,,,,,,,,,,,,,,,,,,,,,,,,,,,,,,,,,,,,,,,,,,,,,,,,,,
brooklyn,BROOKLYN,17,11-11663,5084,49,Private,41061,ADJ. 194 LENOX ROAD betw ROGERS AVENUE & BEDFORD AVENUE,,,,,,,,,,,,,,,,,,,,,,,,,,,,,,,,,,,,,,,,,,,,,,,,,,,,,,,,,,,,,,,,,,,,,,,,,,,,,,,,,,,,
brooklyn,BROOKLYN,17,11-11663,5084,51,Private,41061,ADJ. 194 LENOX ROAD betw ROGERS AVENUE & BEDFORD AVENUE,,,,,,,,,,,,,,,,,,,,,,,,,,,,,,,,,,,,,,,,,,,,,,,,,,,,,,,,,,,,,,,,,,,,,,,,,,,,,,,,,,,,
brooklyn,BROOKLYN,18,11-11676,7824,9,Private,41030,ADJ. 4407 AVENUE L betw FLATLANDS AVENUE & TROY AVENUE,,,,,,,,,,,,,,,,,,,,,,,,,,,,,,,,,,,,,,,,,,,,,,,,,,,,,,,,,,,,,,,,,,,,,,,,,,,,,,,,,,,,
manhattan,MANHATTAN,10,11-11702,1599,69,City,41153,ADJ. 66 WEST 116 STREET betw LENOX AVENUE & EAST 116 STREET,,,,,,,,,,,,,,,,,,,,,,,,,,,,,,,,,,,,,,,,,,,,,,,,,,,,,,,,,,,,,,,,,,,,,,,,,,,,,,,,,,,,
manhattan,MANHATTAN,10,11-11886,1831,47,City,40921,ADJ. 230 WEST 116 STREET betw 8 AVENUE & DR REV WYATT TEE WALKER SQUARE,,,,,,,,,,,,,,,,,,,,,,,,,,,,,,,,,,,,,,,,,,,,,,,,,,,,,,,,,,,,,,,,,,,,,,,,,,,,,,,,,,,,
manhattan,MANHATTAN,10,11-11757,1911,61,City,41000,ADJ. 2133 7 AVENUE betw WEST 127 STREET & WEST 126 STREET,,,,,,,,,,,,,,,,,,,,,,,,,,,,,,,,,,,,,,,,,,,,,,,,,,,,,,,,,,,,,,,,,,,,,,,,,,,,,,,,,,,,
manhattan,MANHATTAN,10,11-11757,1911,62,City,41000,ADJ. 2133 7 AVENUE betw WEST 127 STREET & WEST 126 STREET,,,,,,,,,,,,,,,,,,,,,,,,,,,,,,,,,,,,,,,,,,,,,,,,,,,,,,,,,,,,,,,,,,,,,,,,,,,,,,,,,,,,
manhattan,MANHATTAN,10,11-11935,1915,36,City,40933,ADJ. 413 LENOX AVENUE betw WEST 131 STREET & WEST 130 STREET,,,,,,,,,,,,,,,,,,,,,,,,,,,,,,,,,,,,,,,,,,,,,,,,,,,,,,,,,,,,,,,,,,,,,,,,,,,,,,,,,,,,
manhattan,MANHATTAN,10,11-11323,2007,16,Private,41183,BETWEEN 125 & 117 WEST 138 STREET,,,,,,,,,,,,,,,,,,,,,,,,,,,,,,,,,,,,,,,,,,,,,,,,,,,,,,,,,,,,,,,,,,,,,,,,,,,,,,,,,,,,
manhattan,MANHATTAN,10,11-11323,2007,17,Private,41183,BETWEEN 125 & 117 WEST 138 STREET,,,,,,,,,,,,,,,,,,,,,,,,,,,,,,,,,,,,,,,,,,,,,,,,,,,,,,,,,,,,,,,,,,,,,,,,,,,,,,,,,,,,
manhattan,MANHATTAN,10,11-11323,2007,18,Private,41183,BETWEEN 125 & 117 WEST 138 STREET,,,,,,,,,,,,,,,,,,,,,,,,,,,,,,,,,,,,,,,,,,,,,,,,,,,,,,,,,,,,,,,,,,,,,,,,,,,,,,,,,,,,
manhattan,MANHATTAN,10,11-11690,2007,27,Private,41153,BETWEEN 105 & 101 WEST 138 STREET,,,,,,,,,,,,,,,,,,,,,,,,,,,,,,,,,,,,,,,,,,,,,,,,,,,,,,,,,,,,,,,,,,,,,,,,,,,,,,,,,,,,
manhattan,MANHATTAN,11,11-11801,1616,31,Private,41030,ADJ. 81 EAST 110 STREET betw PARK AVENUE & MADISON AVENUE,,,,,,,,,,,,,,,,,,,,,,,,,,,,,,,,,,,,,,,,,,,,,,,,,,,,,,,,,,,,,,,,,,,,,,,,,,,,,,,,,,,,
manhattan,MANHATTAN,11,11-11912,1654,42,City,41030,ADJ. 212 EAST 105 STREET betw 2 AVENUE & 3 AVENUE,,,,,,,,,,,,,,,,,,,,,,,,,,,,,,,,,,,,,,,,,,,,,,,,,,,,,,,,,,,,,,,,,,,,,,,,,,,,,,,,,,,,
manhattan,MANHATTAN,11,11-11911,1655,31,Private,40938,ADJ. 242 EAST 106 STREET betw 2 AVENUE & OSVALDO VEGA PLAZA,,,,,,,,,,,,,,,,,,,,,,,,,,,,,,,,,,,,,,,,,,,,,,,,,,,,,,,,,,,,,,,,,,,,,,,,,,,,,,,,,,,,
manhattan,MANHATTAN,11,11-11185,1784,9,Private,41000,OPPOSITE OF 212 EAST 119 STREET betw 2 AVENUE & 3 AVENUE,,,,,,,,,,,,,,,,,,,,,,,,,,,,,,,,,,,,,,,,,,,,,,,,,,,,,,,,,,,,,,,,,,,,,,,,,,,,,,,,,,,,
manhattan,MANHATTAN,12,11-10640,2121,1,Private,41244,OPPOSITE OF 1045 ST NICHOLAS AVENUE betw WEST 163 STREET & WEST 162 STREET,,,,,,,,,,,,,,,,,,,,,,,,,,,,,,,,,,,,,,,,,,,,,,,,,,,,,,,,,,,,,,,,,,,,,,,,,,,,,,,,,,,,
manhattan,MANHATTAN,12,11-11891,2123,36,Private,41244,ADJ. 508 WEST 166 STREET betw AUDUBON AVENUE & AMSTERDAM AVENUE,,,,,,,,,,,,,,,,,,,,,,,,,,,,,,,,,,,,,,,,,,,,,,,,,,,,,,,,,,,,,,,,,,,,,,,,,,,,,,,,,,,,
manhattan,MANHATTAN,12,11-11892,2126,53,Private,41244,ADJ. 517 WEST 169 STREET betw AUDUBON AVENUE & AMSTERDAM AVENUE,,,,,,,,,,,,,,,,,,,,,,,,,,,,,,,,,,,,,,,,,,,,,,,,,,,,,,,,,,,,,,,,,,,,,,,,,,,,,,,,,,,,
manhattan,MANHATTAN,12,12-05089,2129,50,City,40933,ADJ. 2264 AMSTERDAM AVENUE betw WEST 173 STREET & WEST 172 STREET,,,,,,,,,,,,,,,,,,,,,,,,,,,,,,,,,,,,,,,,,,,,,,,,,,,,,,,,,,,,,,,,,,,,,,,,,,,,,,,,,,,,
manhattan,MANHATTAN,12,12-05089,2129,52,City,40933,ADJ. 2264 AMSTERDAM AVENUE betw WEST 173 STREET & WEST 172 STREET,,,,,,,,,,,,,,,,,,,,,,,,,,,,,,,,,,,,,,,,,,,,,,,,,,,,,,,,,,,,,,,,,,,,,,,,,,,,,,,,,,,,
queens,QUEENS,3,11-11673,1725,1,City,41153,ADJ. 33-12 111 STREET betw 34 AVENUE & NORTHERN BOULEVARD,,,,,,,,,,,,,,,,,,,,,,,,,,,,,,,,,,,,,,,,,,,,,,,,,,,,,,,,,,,,,,,,,,,,,,,,,,,,,,,,,,,,
queens,QUEENS,3,11-11071,1778,16,Private,41061,BETWEEN 108-52 & 108-42 37 DRIVE,,,,,,,,,,,,,,,,,,,,,,,,,,,,,,,,,,,,,,,,,,,,,,,,,,,,,,,,,,,,,,,,,,,,,,,,,,,,,,,,,,,,
queens,QUEENS,3,11-11071,1778,17,Private,41061,BETWEEN 108-52 & 108-42 37 DRIVE,,,,,,,,,,,,,,,,,,,,,,,,,,,,,,,,,,,,,,,,,,,,,,,,,,,,,,,,,,,,,,,,,,,,,,,,,,,,,,,,,,,,
queens,QUEENS,3,11-11071,1778,18,Private,41061,BETWEEN 108-52 & 108-42 37 DRIVE,,,,,,,,,,,,,,,,,,,,,,,,,,,,,,,,,,,,,,,,,,,,,,,,,,,,,,,,,,,,,,,,,,,,,,,,,,,,,,,,,,,,
queens,QUEENS,4,11-11674,1941,50,Private,40933,ADJ. 102-14 LEWIS AVENUE betw 103 STREET & 102 STREET,,,,,,,,,,,,,,,,,,,,,,,,,,,,,,,,,,,,,,,,,,,,,,,,,,,,,,,,,,,,,,,,,,,,,,,,,,,,,,,,,,,,
queens,QUEENS,4,11-11671,1980,1,Private,40932,ADJ. 102-18 45 AVENUE betw 104 STREET & 102 STREET,,,,,,,,,,,,,,,,,,,,,,,,,,,,,,,,,,,,,,,,,,,,,,,,,,,,,,,,,,,,,,,,,,,,,,,,,,,,,,,,,,,,
queens,QUEENS,4,11-11671,1980,3,Private,40932,ADJ. 102-18 45 AVENUE betw 104 STREET & 102 STREET,,,,,,,,,,,,,,,,,,,,,,,,,,,,,,,,,,,,,,,,,,,,,,,,,,,,,,,,,,,,,,,,,,,,,,,,,,,,,,,,,,,,
queens,QUEENS,4,11-11837,2018,500,City,40921,OPPOSITE OF 42-06 114 STREET betw 43 AVENUE & 42 AVENUE,,,,,,,,,,,,,,,,,,,,,,,,,,,,,,,,,,,,,,,,,,,,,,,,,,,,,,,,,,,,,,,,,,,,,,,,,,,,,,,,,,,,
queens,QUEENS,7,11-10318,4667,37,Private,41214,ADJ. 17-34 150 STREET betw 18 AVENUE & 17 ROAD,,,,,,,,,,,,,,,,,,,,,,,,,,,,,,,,,,,,,,,,,,,,,,,,,,,,,,,,,,,,,,,,,,,,,,,,,,,,,,,,,,,,
queens,QUEENS,7,11-11714,4950,103,City,40921,ADJ. 135-01 35 AVENUE betw LINDEN PLACE & FARRINGTON STREET,,,,,,,,,,,,,,,,,,,,,,,,,,,,,,,,,,,,,,,,,,,,,,,,,,,,,,,,,,,,,,,,,,,,,,,,,,,,,,,,,,,,
queens,QUEENS,10,11-11756,11356,12,Private,41183,ADJ. 133-18 77 STREET betw 135 AVENUE & 133 AVENUE,,,,,,,,,,,,,,,,,,,,,,,,,,,,,,,,,,,,,,,,,,,,,,,,,,,,,,,,,,,,,,,,,,,,,,,,,,,,,,,,,,,,
queens,QUEENS,10,11-11563,14240,1330,Private,41214,ADJ. 162-28 104 STREET betw RAU COURT & DUNTON COURT,,,,,,,,,,,,,,,,,,,,,,,,,,,,,,,,,,,,,,,,,,,,,,,,,,,,,,,,,,,,,,,,,,,,,,,,,,,,,,,,,,,,
queens,QUEENS,10,11-11563,14240,1331,Private,41214,ADJ. 162-28 104 STREET betw RAU COURT & DUNTON COURT,,,,,,,,,,,,,,,,,,,,,,,,,,,,,,,,,,,,,,,,,,,,,,,,,,,,,,,,,,,,,,,,,,,,,,,,,,,,,,,,,,,,
queens,QUEENS,12,12-05242,9618,16,City,40935,ADJ. 88-32 138 STREET betw JAMAICA AVENUE & VAN WYCK EXPRESSWAY,,,,,,,,,,,,,,,,,,,,,,,,,,,,,,,,,,,,,,,,,,,,,,,,,,,,,,,,,,,,,,,,,,,,,,,,,,,,,,,,,,,,
queens,QUEENS,12,12-05085,10040,53,City,40935,ADJ. 106-10 REMINGTON STREET betw SHORE AVENUE & 107 AVENUE,,,,,,,,,,,,,,,,,,,,,,,,,,,,,,,,,,,,,,,,,,,,,,,,,,,,,,,,,,,,,,,,,,,,,,,,,,,,,,,,,,,,
queens,QUEENS,12,12-05087,10043,19,City,40939,AT 144-29 105 AVENUE betw INWOOD STREET & PINEGROVE STREET,,,,,,,,,,,,,,,,,,,,,,,,,,,,,,,,,,,,,,,,,,,,,,,,,,,,,,,,,,,,,,,,,,,,,,,,,,,,,,,,,,,,
queens,QUEENS,12,11-11632,10134,18,Private,40921,ADJ. 107-17 155 STREET betw 108 AVENUE & 107 AVENUE,,,,,,,,,,,,,,,,,,,,,,,,,,,,,,,,,,,,,,,,,,,,,,,,,,,,,,,,,,,,,,,,,,,,,,,,,,,,,,,,,,,,
queens,QUEENS,12,12-05074,10161,27,City,40934,ADJ. 104-44 164 STREET betw 107 AVENUE & 104 ROAD,,,,,,,,,,,,,,,,,,,,,,,,,,,,,,,,,,,,,,,,,,,,,,,,,,,,,,,,,,,,,,,,,,,,,,,,,,,,,,,,,,,,
queens,QUEENS,12,12-05084,10162,56,City,40934,BETWEEN 104-49 & 104-53 164 STREET,,,,,,,,,,,,,,,,,,,,,,,,,,,,,,,,,,,,,,,,,,,,,,,,,,,,,,,,,,,,,,,,,,,,,,,,,,,,,,,,,,,,
queens,QUEENS,12,12-05054,10163,90,Private,40934,ADJ. 107-02 165 STREET betw 108 AVENUE & 107 AVENUE,,,,,,,,,,,,,,,,,,,,,,,,,,,,,,,,,,,,,,,,,,,,,,,,,,,,,,,,,,,,,,,,,,,,,,,,,,,,,,,,,,,,
queens,QUEENS,12,12-05051,10224,17,Private,40935,BETWEEN 170-18 & 170-14 LIBERTY AVENUE,,,,,,,,,,,,,,,,,,,,,,,,,,,,,,,,,,,,,,,,,,,,,,,,,,,,,,,,,,,,,,,,,,,,,,,,,,,,,,,,,,,,
queens,QUEENS,12,11-11485,12031,48,Private,41000,ADJ. 120-27 140 STREET betw 123 AVENUE & 120 AVENUE,,,,,,,,,,,,,,,,,,,,,,,,,,,,,,,,,,,,,,,,,,,,,,,,,,,,,,,,,,,,,,,,,,,,,,,,,,,,,,,,,,,,
queens,QUEENS,12,12-05343,13022,167,City,40938,ADJ. 136-18 WESTGATE STREET betw 137 AVENUE & 136 AVENUE,,,,,,,,,,,,,,,,,,,,,,,,,,,,,,,,,,,,,,,,,,,,,,,,,,,,,,,,,,,,,,,,,,,,,,,,,,,,,,,,,,,,
queens,QUEENS,13,11-11319,10741,48,Private,41000,ADJ. 222-17 JAMAICA AVENUE betw 224 STREET & 222 STREET,,,,,,,,,,,,,,,,,,,,,,,,,,,,,,,,,,,,,,,,,,,,,,,,,,,,,,,,,,,,,,,,,,,,,,,,,,,,,,,,,,,,
queens,QUEENS,13,11-11959,13266,39,City,41030,NEAR 246-19 SUNRISE HWY,,,,,,,,,,,,,,,,,,,,,,,,,,,,,,,,,,,,,,,,,,,,,,,,,,,,,,,,,,,,,,,,,,,,,,,,,,,,,,,,,,,,
queens,QUEENS,14,11-11682,15605,340,Private,40921,CORNER BEACH    9 STREET & SEAGIRT AVENUE,,,,,,,,,,,,,,,,,,,,,,,,,,,,,,,,,,,,,,,,,,,,,,,,,,,,,,,,,,,,,,,,,,,,,,,,,,,,,,,,,,,,
queens,QUEENS,14,11-11682,15605,350,Private,40921,CORNER BEACH    9 STREET & SEAGIRT AVENUE,,,,,,,,,,,,,,,,,,,,,,,,,,,,,,,,,,,,,,,,,,,,,,,,,,,,,,,,,,,,,,,,,,,,,,,,,,,,,,,,,,,,
queens,QUEENS,14,11-11682,15605,352,Private,40921,CORNER BEACH    9 STREET & SEAGIRT AVENUE,,,,,,,,,,,,,,,,,,,,,,,,,,,,,,,,,,,,,,,,,,,,,,,,,,,,,,,,,,,,,,,,,,,,,,,,,,,,,,,,,,,,
queens,QUEENS,14,11-11490,15817,50,Private,41061,REAR OF 2511 SEAGIRT AVENUE betw BEACH 26 STREET & BEACH 25 STREET,,,,,,,,,,,,,,,,,,,,,,,,,,,,,,,,,,,,,,,,,,,,,,,,,,,,,,,,,,,,,,,,,,,,,,,,,,,,,,,,,,,,
queens,QUEENS,14,11-11903,15819,79,City,41030,ADJ. 116 BEACH 27 STREET betw SEAGIRT AVENUE & BOARDWALK,,,,,,,,,,,,,,,,,,,,,,,,,,,,,,,,,,,,,,,,,,,,,,,,,,,,,,,,,,,,,,,,,,,,,,,,,,,,,,,,,,,,
queens,QUEENS,14,11-11881,15825,1,City,41183,OPPOSITE OF 323 BEACH 36 STREET betw BEACH CHANNEL DRIVE & ROCKAWAY BEACH BOULEVARD,,,,,,,,,,,,,,,,,,,,,,,,,,,,,,,,,,,,,,,,,,,,,,,,,,,,,,,,,,,,,,,,,,,,,,,,,,,,,,,,,,,,
queens,QUEENS,14,11-11881,15825,9,City,41183,OPPOSITE OF 323 BEACH 36 STREET betw BEACH CHANNEL DRIVE & ROCKAWAY BEACH BOULEVARD,,,,,,,,,,,,,,,,,,,,,,,,,,,,,,,,,,,,,,,,,,,,,,,,,,,,,,,,,,,,,,,,,,,,,,,,,,,,,,,,,,,,
queens,QUEENS,14,11-11904,15837,47,City,41153,OPPOSITE OF 352 BEACH 45 STREET betw BEACH CHANNEL DRIVE & REINHART ROAD,,,,,,,,,,,,,,,,,,,,,,,,,,,,,,,,,,,,,,,,,,,,,,,,,,,,,,,,,,,,,,,,,,,,,,,,,,,,,,,,,,,,
queens,QUEENS,14,11-11904,15837,49,City,41153,OPPOSITE OF 352 BEACH 45 STREET betw BEACH CHANNEL DRIVE & REINHART ROAD,,,,,,,,,,,,,,,,,,,,,,,,,,,,,,,,,,,,,,,,,,,,,,,,,,,,,,,,,,,,,,,,,,,,,,,,,,,,,,,,,,,,
queens,QUEENS,14,11-11904,15837,51,City,41153,OPPOSITE OF 352 BEACH 45 STREET betw BEACH CHANNEL DRIVE & REINHART ROAD,,,,,,,,,,,,,,,,,,,,,,,,,,,,,,,,,,,,,,,,,,,,,,,,,,,,,,,,,,,,,,,,,,,,,,,,,,,,,,,,,,,,
queens,QUEENS,14,11-11905,15837,52,City,41061,ADJ. 335 BEACH 45 STREET betw BEACH CHANNEL DRIVE & REINHART ROAD,,,,,,,,,,,,,,,,,,,,,,,,,,,,,,,,,,,,,,,,,,,,,,,,,,,,,,,,,,,,,,,,,,,,,,,,,,,,,,,,,,,,
queens,QUEENS,14,11-11905,15837,54,City,41061,ADJ. 335 BEACH 45 STREET betw BEACH CHANNEL DRIVE & REINHART ROAD,,,,,,,,,,,,,,,,,,,,,,,,,,,,,,,,,,,,,,,,,,,,,,,,,,,,,,,,,,,,,,,,,,,,,,,,,,,,,,,,,,,,
queens,QUEENS,14,11-11906,15848,57,City,40921,REAR OF 218 BEACH 40 STREET betw ROCKAWAY BEACH BOULEVARD & DEAD END,,,,,,,,,,,,,,,,,,,,,,,,,,,,,,,,,,,,,,,,,,,,,,,,,,,,,,,,,,,,,,,,,,,,,,,,,,,,,,,,,,,,
queens,QUEENS,14,11-11906,15848,58,City,40921,REAR OF 218 BEACH 40 STREET betw ROCKAWAY BEACH BOULEVARD & DEAD END,,,,,,,,,,,,,,,,,,,,,,,,,,,,,,,,,,,,,,,,,,,,,,,,,,,,,,,,,,,,,,,,,,,,,,,,,,,,,,,,,,,,
queens,QUEENS,14,11-11906,15848,60,City,40921,REAR OF 218 BEACH 40 STREET betw ROCKAWAY BEACH BOULEVARD & DEAD END,,,,,,,,,,,,,,,,,,,,,,,,,,,,,,,,,,,,,,,,,,,,,,,,,,,,,,,,,,,,,,,,,,,,,,,,,,,,,,,,,,,,
queens,QUEENS,14,11-11896,15848,62,City,41214,ADJ. 216 BEACH 40 STREET betw ROCKAWAY BEACH BOULEVARD & DEAD END,,,,,,,,,,,,,,,,,,,,,,,,,,,,,,,,,,,,,,,,,,,,,,,,,,,,,,,,,,,,,,,,,,,,,,,,,,,,,,,,,,,,
queens,QUEENS,14,11-11896,15848,63,City,41214,ADJ. 216 BEACH 40 STREET betw ROCKAWAY BEACH BOULEVARD & DEAD END,,,,,,,,,,,,,,,,,,,,,,,,,,,,,,,,,,,,,,,,,,,,,,,,,,,,,,,,,,,,,,,,,,,,,,,,,,,,,,,,,,,,
queens,QUEENS,14,11-11896,15848,65,City,41214,ADJ. 216 BEACH 40 STREET betw ROCKAWAY BEACH BOULEVARD & DEAD END,,,,,,,,,,,,,,,,,,,,,,,,,,,,,,,,,,,,,,,,,,,,,,,,,,,,,,,,,,,,,,,,,,,,,,,,,,,,,,,,,,,,
queens,QUEENS,14,11-11896,15848,67,City,41214,ADJ. 216 BEACH 40 STREET betw ROCKAWAY BEACH BOULEVARD & DEAD END,,,,,,,,,,,,,,,,,,,,,,,,,,,,,,,,,,,,,,,,,,,,,,,,,,,,,,,,,,,,,,,,,,,,,,,,,,,,,,,,,,,,
queens,QUEENS,14,11-11900,15849,18,City,41214,ADJ. 40-03 ROCKAWAY BEACH BOULEVARD betw BEACH 41 STREET & BEACH 40 STREET,,,,,,,,,,,,,,,,,,,,,,,,,,,,,,,,,,,,,,,,,,,,,,,,,,,,,,,,,,,,,,,,,,,,,,,,,,,,,,,,,,,,
queens,QUEENS,14,11-11900,15849,19,City,41214,ADJ. 40-03 ROCKAWAY BEACH BOULEVARD betw BEACH 41 STREET & BEACH 40 STREET,,,,,,,,,,,,,,,,,,,,,,,,,,,,,,,,,,,,,,,,,,,,,,,,,,,,,,,,,,,,,,,,,,,,,,,,,,,,,,,,,,,,
queens,QUEENS,14,11-11900,15849,20,City,41214,ADJ. 40-03 ROCKAWAY BEACH BOULEVARD betw BEACH 41 STREET & BEACH 40 STREET,,,,,,,,,,,,,,,,,,,,,,,,,,,,,,,,,,,,,,,,,,,,,,,,,,,,,,,,,,,,,,,,,,,,,,,,,,,,,,,,,,,,
queens,QUEENS,14,11-11898,15850,6,City,41153,ADJ. 41-11 ROCKAWAY BEACH BOULEVARD betw BEACH 42 STREET & BEACH 41 STREET,,,,,,,,,,,,,,,,,,,,,,,,,,,,,,,,,,,,,,,,,,,,,,,,,,,,,,,,,,,,,,,,,,,,,,,,,,,,,,,,,,,,
queens,QUEENS,14,11-11902,15851,33,City,41244,OPPOSITE OF 42-16 ROCKAWAY BEACH BOULEVARD betw BEACH 43 STREET & BEACH 42 STREET,,,,,,,,,,,,,,,,,,,,,,,,,,,,,,,,,,,,,,,,,,,,,,,,,,,,,,,,,,,,,,,,,,,,,,,,,,,,,,,,,,,,
queens,QUEENS,14,11-11902,15851,42,City,41244,OPPOSITE OF 42-16 ROCKAWAY BEACH BOULEVARD betw BEACH 43 STREET & BEACH 42 STREET,,,,,,,,,,,,,,,,,,,,,,,,,,,,,,,,,,,,,,,,,,,,,,,,,,,,,,,,,,,,,,,,,,,,,,,,,,,,,,,,,,,,
queens,QUEENS,14,11-11879,15864,1,City,41153,N/S SPRAYVIEW AVENUE betw BEACH 38TH ST. & BEACH 37TH ST.,,,,,,,,,,,,,,,,,,,,,,,,,,,,,,,,,,,,,,,,,,,,,,,,,,,,,,,,,,,,,,,,,,,,,,,,,,,,,,,,,,,,
queens,QUEENS,14,11-11961,15870,60,City,41214,AT 42-00 BEACH 38 STREET,,,,,,,,,,,,,,,,,,,,,,,,,,,,,,,,,,,,,,,,,,,,,,,,,,,,,,,,,,,,,,,,,,,,,,,,,,,,,,,,,,,,
queens,QUEENS,14,12-05039,15891,1,City,40921,SOUTH SIDE OF ARVERNE BLVD betw BEACH 54 STREET & BEACH 56 STREET,,,,,,,,,,,,,,,,,,,,,,,,,,,,,,,,,,,,,,,,,,,,,,,,,,,,,,,,,,,,,,,,,,,,,,,,,,,,,,,,,,,,
queens,QUEENS,14,12-05038,15919,1,City,40935,AT 1-35 BEACH 52 STREET,,,,,,,,,,,,,,,,,,,,,,,,,,,,,,,,,,,,,,,,,,,,,,,,,,,,,,,,,,,,,,,,,,,,,,,,,,,,,,,,,,,,
queens,QUEENS,14,12-05164,15965,104,City,40938,BETWEEN 429 & 433 BEACH 43 STREET,,,,,,,,,,,,,,,,,,,,,,,,,,,,,,,,,,,,,,,,,,,,,,,,,,,,,,,,,,,,,,,,,,,,,,,,,,,,,,,,,,,,
queens,QUEENS,14,11-11859,16100,31,City,41030,OPPOSITE OF 2-52 BEACH CHANNEL DRIVE,,,,,,,,,,,,,,,,,,,,,,,,,,,,,,,,,,,,,,,,,,,,,,,,,,,,,,,,,,,,,,,,,,,,,,,,,,,,,,,,,,,,
queens,QUEENS,14,11-11858,16100,38,City,41030,OPPOSITE OF 245 BEACH CHANNEL DRIVE,,,,,,,,,,,,,,,,,,,,,,,,,,,,,,,,,,,,,,,,,,,,,,,,,,,,,,,,,,,,,,,,,,,,,,,,,,,,,,,,,,,,
queens,QUEENS,14,11-11790,16103,60,City,41061,AT 83-00 BEACH 83 STREET,,,,,,,,,,,,,,,,,,,,,,,,,,,,,,,,,,,,,,,,,,,,,,,,,,,,,,,,,,,,,,,,,,,,,,,,,,,,,,,,,,,,
queens,QUEENS,14,12-05049,16106,1,City,40933,OPPOSITE OF 82-03 BEACH CHANNEL DRIVE betw ROCKAWAY FREEWAY & BEACH 82 STREET,,,,,,,,,,,,,,,,,,,,,,,,,,,,,,,,,,,,,,,,,,,,,,,,,,,,,,,,,,,,,,,,,,,,,,,,,,,,,,,,,,,,
staten island,STATEN ISLAND,1,12-05113,6,12,Private,40935,ADJ. 100 CENTRAL AVENUE betw VICTORY BOULEVARD & SLOSSON TERRACE,,,,,,,,,,,,,,,,,,,,,,,,,,,,,,,,,,,,,,,,,,,,,,,,,,,,,,,,,,,,,,,,,,,,,,,,,,,,,,,,,,,,
staten island,STATEN ISLAND,1,12-05113,6,129,Private,40935,ADJ. 100 CENTRAL AVENUE betw VICTORY BOULEVARD & SLOSSON TERRACE,,,,,,,,,,,,,,,,,,,,,,,,,,,,,,,,,,,,,,,,,,,,,,,,,,,,,,,,,,,,,,,,,,,,,,,,,,,,,,,,,,,,
staten island,STATEN ISLAND,1,12-05113,6,131,Private,40935,ADJ. 100 CENTRAL AVENUE betw VICTORY BOULEVARD & SLOSSON TERRACE,,,,,,,,,,,,,,,,,,,,,,,,,,,,,,,,,,,,,,,,,,,,,,,,,,,,,,,,,,,,,,,,,,,,,,,,,,,,,,,,,,,,
staten island,STATEN ISLAND,1,12-05113,6,132,Private,40935,ADJ. 100 CENTRAL AVENUE betw VICTORY BOULEVARD & SLOSSON TERRACE,,,,,,,,,,,,,,,,,,,,,,,,,,,,,,,,,,,,,,,,,,,,,,,,,,,,,,,,,,,,,,,,,,,,,,,,,,,,,,,,,,,,
staten island,STATEN ISLAND,1,12-05113,6,135,Private,40935,ADJ. 100 CENTRAL AVENUE betw VICTORY BOULEVARD & SLOSSON TERRACE,,,,,,,,,,,,,,,,,,,,,,,,,,,,,,,,,,,,,,,,,,,,,,,,,,,,,,,,,,,,,,,,,,,,,,,,,,,,,,,,,,,,
staten island,STATEN ISLAND,1,12-05113,6,136,Private,40935,ADJ. 100 CENTRAL AVENUE betw VICTORY BOULEVARD & SLOSSON TERRACE,,,,,,,,,,,,,,,,,,,,,,,,,,,,,,,,,,,,,,,,,,,,,,,,,,,,,,,,,,,,,,,,,,,,,,,,,,,,,,,,,,,,
staten island,STATEN ISLAND,1,12-05113,6,138,Private,40935,ADJ. 100 CENTRAL AVENUE betw VICTORY BOULEVARD & SLOSSON TERRACE,,,,,,,,,,,,,,,,,,,,,,,,,,,,,,,,,,,,,,,,,,,,,,,,,,,,,,,,,,,,,,,,,,,,,,,,,,,,,,,,,,,,
staten island,STATEN ISLAND,1,11-11745,35,110,Private,40935,BETWEEN 115 & 109 BROOK STREET,,,,,,,,,,,,,,,,,,,,,,,,,,,,,,,,,,,,,,,,,,,,,,,,,,,,,,,,,,,,,,,,,,,,,,,,,,,,,,,,,,,,
staten island,STATEN ISLAND,1,11-11713,36,3,Private,41030,NEAR 445 JERSEY STREET betw CORSON AVENUE & BEND,,,,,,,,,,,,,,,,,,,,,,,,,,,,,,,,,,,,,,,,,,,,,,,,,,,,,,,,,,,,,,,,,,,,,,,,,,,,,,,,,,,,
staten island,STATEN ISLAND,1,11-11657,106,57,Private,41183,ADJ. 38 PINE STREET betw CORSON AVENUE & BRIGHTON AVENUE,,,,,,,,,,,,,,,,,,,,,,,,,,,,,,,,,,,,,,,,,,,,,,,,,,,,,,,,,,,,,,,,,,,,,,,,,,,,,,,,,,,,
staten island,STATEN ISLAND,1,11-11736,527,49,Private,40938,OPPOSITE OF 166 CANAL STREET betw TOMPKINS AVENUE & BEND,,,,,,,,,,,,,,,,,,,,,,,,,,,,,,,,,,,,,,,,,,,,,,,,,,,,,,,,,,,,,,,,,,,,,,,,,,,,,,,,,,,,
staten island,STATEN ISLAND,1,11-11816,527,52,Private,40938,ADJ. 205 CANAL STREET betw BROAD STREET & BEND,,,,,,,,,,,,,,,,,,,,,,,,,,,,,,,,,,,,,,,,,,,,,,,,,,,,,,,,,,,,,,,,,,,,,,,,,,,,,,,,,,,,
staten island,STATEN ISLAND,1,11-11817,556,100,City,40921,ADJ. 40 HILL STREET betw CHERYL WHITE PLACE & TOMPKINS AVENUE,,,,,,,,,,,,,,,,,,,,,,,,,,,,,,,,,,,,,,,,,,,,,,,,,,,,,,,,,,,,,,,,,,,,,,,,,,,,,,,,,,,,
staten island,STATEN ISLAND,1,11-11715,650,26,Private,41244,ADJ. 527 VANDERBILT AVENUE betw ELLINGTON STREET & CLIFFSIDE AVENUE,,,,,,,,,,,,,,,,,,,,,,,,,,,,,,,,,,,,,,,,,,,,,,,,,,,,,,,,,,,,,,,,,,,,,,,,,,,,,,,,,,,,
staten island,STATEN ISLAND,1,11-11609,1074,13,City,40921,ADJ. 52 MAPLE AVENUE betw NYCTA SUBWAY & RICHMOND TERRACE,,,,,,,,,,,,,,,,,,,,,,,,,,,,,,,,,,,,,,,,,,,,,,,,,,,,,,,,,,,,,,,,,,,,,,,,,,,,,,,,,,,,
staten island,STATEN ISLAND,1,11-11610,1184,160,Private,41153,ADJ. 355 SIMONSON AVENUE betw CLEMENT A FUMANDO WAY & NETHERLAND AVENUE,,,,,,,,,,,,,,,,,,,,,,,,,,,,,,,,,,,,,,,,,,,,,,,,,,,,,,,,,,,,,,,,,,,,,,,,,,,,,,,,,,,,
staten island,STATEN ISLAND,1,11-11611,1227,32,Private,41214,ADJ. 45 HARBOR ROAD betw NYCTA SUBWAY & RICHMOND TERRACE,,,,,,,,,,,,,,,,,,,,,,,,,,,,,,,,,,,,,,,,,,,,,,,,,,,,,,,,,,,,,,,,,,,,,,,,,,,,,,,,,,,,
staten island,STATEN ISLAND,1,11-11660,2822,20,Private,41061,NEAR 951 BAY STREET betw WILLOW AVENUE & CAMDEN STREET,,,,,,,,,,,,,,,,,,,,,,,,,,,,,,,,,,,,,,,,,,,,,,,,,,,,,,,,,,,,,,,,,,,,,,,,,,,,,,,,,,,,
staten island,STATEN ISLAND,1,11-11660,2822,21,Private,41030,NEAR 951 BAY STREET betw WILLOW AVENUE & CAMDEN STREET,,,,,,,,,,,,,,,,,,,,,,,,,,,,,,,,,,,,,,,,,,,,,,,,,,,,,,,,,,,,,,,,,,,,,,,,,,,,,,,,,,,,
staten island,STATEN ISLAND,1,11-11660,2822,22,Private,41061,NEAR 951 BAY STREET betw WILLOW AVENUE & CAMDEN STREET,,,,,,,,,,,,,,,,,,,,,,,,,,,,,,,,,,,,,,,,,,,,,,,,,,,,,,,,,,,,,,,,,,,,,,,,,,,,,,,,,,,,
staten island,STATEN ISLAND,1,11-11660,2822,23,Private,41061,NEAR 951 BAY STREET betw WILLOW AVENUE & CAMDEN STREET,,,,,,,,,,,,,,,,,,,,,,,,,,,,,,,,,,,,,,,,,,,,,,,,,,,,,,,,,,,,,,,,,,,,,,,,,,,,,,,,,,,,
staten island,STATEN ISLAND,1,11-11660,2822,24,Private,41061,NEAR 951 BAY STREET betw WILLOW AVENUE & CAMDEN STREET,,,,,,,,,,,,,,,,,,,,,,,,,,,,,,,,,,,,,,,,,,,,,,,,,,,,,,,,,,,,,,,,,,,,,,,,,,,,,,,,,,,,
staten island,STATEN ISLAND,1,11-11660,2822,26,Private,41061,NEAR 951 BAY STREET betw WILLOW AVENUE & CAMDEN STREET,,,,,,,,,,,,,,,,,,,,,,,,,,,,,,,,,,,,,,,,,,,,,,,,,,,,,,,,,,,,,,,,,,,,,,,,,,,,,,,,,,,,
staten island,STATEN ISLAND,1,11-11660,2822,30,Private,41061,NEAR 951 BAY STREET betw WILLOW AVENUE & CAMDEN STREET,,,,,,,,,,,,,,,,,,,,,,,,,,,,,,,,,,,,,,,,,,,,,,,,,,,,,,,,,,,,,,,,,,,,,,,,,,,,,,,,,,,,
staten island,STATEN ISLAND,1,11-11870,2922,121,City,40934,NEAR 200 OSGOOD AVENUE betw IMPERIAL COURT & FAIRWAY AVENUE,,,,,,,,,,,,,,,,,,,,,,,,,,,,,,,,,,,,,,,,,,,,,,,,,,,,,,,,,,,,,,,,,,,,,,,,,,,,,,,,,,,,
staten island,STATEN ISLAND,2,11-11819,2218,35,City,40933,OPPOSITE OF 200 GRAHAM AVENUE betw PAULDING AVENUE & MERRILL AVENUE,,,,,,,,,,,,,,,,,,,,,,,,,,,,,,,,,,,,,,,,,,,,,,,,,,,,,,,,,,,,,,,,,,,,,,,,,,,,,,,,,,,,
staten island,STATEN ISLAND,2,11-11717,2359,1,City,41000,OPPOSITE OF 1670 FOREST HILL ROAD betw PIERPONT PLACE & RICHMOND HILL ROAD,,,,,,,,,,,,,,,,,,,,,,,,,,,,,,,,,,,,,,,,,,,,,,,,,,,,,,,,,,,,,,,,,,,,,,,,,,,,,,,,,,,,